abalone,Seafood
absinthe,Beverage Alcoholic
accent_seasoning,Sauce/Powder/Dressing
achiote,Plant/Vegetable
achiote_paste,Sauce/Powder/Dressing
achiote_powder,Sauce/Powder/Dressing
achiote_seeds,Nut/Seed
acorn,Nut/Seed
acorn_squash,Plant/Vegetable
active_dry_yeast,Fungus
adobo_sauce,Sauce/Powder/Dressing
adobo_seasoning,Sauce/Powder/Dressing
agar,Plant/Vegetable
agave,Plant/Vegetable
agave_nectar,Beverage
agave_syrup,Sauce/Powder/Dressing
ahi,Seafood
aioli,Sauce/Powder/Dressing
ajinomoto,Sauce/Powder/Dressing
ajwain,Plant/Vegetable
alcaparrado,Plant/Vegetable
alcohol,Beverage Alcoholic
ale,Beverage Alcoholic
alfalfa,Plant/Vegetable
alfredo_sauce,Sauce/Powder/Dressing
alligator_meat,Meat/Animal Product
allspice,Spice
allspice_berries,Fruit
almond,Nut/Seed
almond_bark,Nut/Seed
almond_butter,Dairy
almond_essence,Nut/Seed
almond_extract,Nut/Seed
almond_filling,Nut/Seed
almond_flavoring,Nut/Seed
almond_flour,Nut/Seed
almond_liqueur,Nut/Seed
almond_meal,Nut/Seed
almond_milk,Dairy
almond_oil,Essential Oil/Fat
almond_paste,Sauce/Powder/Dressing
almond_powder,Sauce/Powder/Dressing
alum,Sauce/Powder/Dressing
aluminum_foil,ETC
amaranth,Flower
amaranth_flour,Flower
amaretti,Bakery/Dessert/Snack
amaretti_cookies,Bakery/Dessert/Snack
amaretto,Beverage Alcoholic
amaretto_liqueur,Beverage Alcoholic
amchur,Sauce/Powder/Dressing
american_cheese,Dairy
ammonia,ETC
ancho_chilies,Plant/Vegetable
anchovy,Seafood
anchovy_fillet,Seafood
anchovy_fillets,Seafood
anchovy_paste,Sauce/Powder/Dressing
angel_food_cake,Bakery/Dessert/Snack
angel_food_cake_mix,Bakery/Dessert/Snack
angel_hair_pasta,Cereal/Crop/Bean
angelica,Plant/Vegetable
angostura_bitters,Beverage Alcoholic
animal_crackers,Bakery/Dessert/Snack
anise,Spice
anise_extract,Spice
anise_flavoring,Spice
anise_oil,Essential Oil/Fat
anise_seed,Nut/Seed
anisette,Beverage Alcoholic
annatto_oil,Essential Oil/Fat
annatto_seeds,Nut/Seed
apple,Fruit
apple_brandy,Beverage Alcoholic
apple_butter,Dairy
apple_chips,Fruit
apple_cider,Beverage
apple_cider_vinegar,Sauce/Powder/Dressing
apple_jelly,Bakery/Dessert/Snack
apple_juice,Beverage
apple_juice_concentrate,Beverage
apple_pie_filling,Bakery/Dessert/Snack
apple_pie_spice,Spice
applejack,Bakery/Dessert/Snack
applesauce,Sauce/Powder/Dressing
apricot,Fruit
apricot_brandy,Beverage Alcoholic
apricot_halves,Fruit
apricot_jam,Sauce/Powder/Dressing
apricot_juice,Beverage
apricot_nectar,Beverage
apricot_preserves,Sauce/Powder/Dressing
apricot_puree,Sauce/Powder/Dressing
aquavit,Beverage Alcoholic
arborio_rice,Cereal/Crop/Bean
armagnac,Beverage Alcoholic
arrowroot,Sauce/Powder/Dressing
artichoke,Plant/Vegetable
artichoke_bottoms,Plant/Vegetable
artichoke_heart,Plant/Vegetable
artificial_sweetener,Sauce/Powder/Dressing
arugula,Plant/Vegetable
arugula_leaves,Plant/Vegetable
asafoetida_powder,Sauce/Powder/Dressing
ascorbic_acid,Sauce/Powder/Dressing
asiago_cheese,Dairy
asian_pear,Fruit
asian_seasoning,Sauce/Powder/Dressing
asparagus,Plant/Vegetable
asparagus_spears,Plant/Vegetable
asparagus_tips,Plant/Vegetable
au_jus_mix,Sauce/Powder/Dressing
aubergine,Plant/Vegetable
avocado,Fruit
avocado_dip,Sauce/Powder/Dressing
avocado_oil,Essential Oil/Fat
azuki_beans,Cereal/Crop/Bean
baby_artichokes,Plant/Vegetable
baby_arugula,Plant/Vegetable
baby_back_ribs,Meat/Animal Product
baby_bok_choy,Plant/Vegetable
baby_carrots,Plant/Vegetable
baby_clams,Seafood
baby_corn,Cereal/Crop/Bean
baby_food,Dish/End Product
baby_greens,Plant/Vegetable
baby_onions,Plant/Vegetable
baby_potatoes,Plant/Vegetable
baby_shrimp,Seafood
baby_spinach_leaves,Plant/Vegetable
bacon,Meat/Animal Product
bacon_bits,Meat/Animal Product
bacon_drippings,Meat/Animal Product
bacon_fat,Essential Oil/Fat
bacon_grease,Essential Oil/Fat
bacon_pieces,Meat/Animal Product
bagel,Bakery/Dessert/Snack
bagel_chips,Bakery/Dessert/Snack
baguette,Bakery/Dessert/Snack
baharat,Spice
baked_beans,Cereal/Crop/Bean
baking_chocolate,Bakery/Dessert/Snack
baking_cocoa,Bakery/Dessert/Snack
baking_mix,Sauce/Powder/Dressing
baking_potatoes,Plant/Vegetable
baking_powder,Sauce/Powder/Dressing
baking_sheet,ETC
baking_sheets,ETC
baking_soda,Sauce/Powder/Dressing
balsamic_dressing,Sauce/Powder/Dressing
balsamic_glaze,Sauce/Powder/Dressing
balsamic_syrup,Sauce/Powder/Dressing
balsamic_vinaigrette,Sauce/Powder/Dressing
balsamic_vinegar,Sauce/Powder/Dressing
bamboo_shoot,Plant/Vegetable
bamboo_skewers,Plant/Vegetable
banana,Fruit
banana_bread,Bakery/Dessert/Snack
banana_chips,Bakery/Dessert/Snack
banana_extract,Fruit
banana_leaf,Plant/Vegetable
banana_leaves,Plant/Vegetable
banana_liqueur,Beverage Alcoholic
banana_pepper,Plant/Vegetable
banana_pepper_rings,Plant/Vegetable
banana_peppers,Plant/Vegetable
barbecue_sauce,Sauce/Powder/Dressing
barbecue_seasoning,Sauce/Powder/Dressing
barberry,Plant/Vegetable
barley,Cereal/Crop/Bean
barley_flour,Cereal/Crop/Bean
barley_malt,Cereal/Crop/Bean
barley_malt_syrup,Sauce/Powder/Dressing
basil,Plant/Vegetable
basil_leaves,Plant/Vegetable
basil_oil,Essential Oil/Fat
basil_pesto,Sauce/Powder/Dressing
basil_sprigs,Plant/Vegetable
basmati_rice,Cereal/Crop/Bean
bass_fillets,Seafood
batter,Bakery/Dessert/Snack
bay_leaf,Plant/Vegetable
bean,Cereal/Crop/Bean
bean_curd,Dairy
bean_dip,Sauce/Powder/Dressing
bean_flour,Cereal/Crop/Bean
bean_paste,Sauce/Powder/Dressing
bean_sauce,Sauce/Powder/Dressing
bean_thread_noodles,Cereal/Crop/Bean
bean_threads,Cereal/Crop/Bean
bechamel_sauce,Sauce/Powder/Dressing
beef,Meat/Animal Product
beef_base,Meat/Animal Product
beef_bones,Meat/Animal Product
beef_bouillon,Meat/Animal Product
beef_bouillon_cube,Meat/Animal Product
beef_bouillon_cubes,Meat/Animal Product
beef_bouillon_granules,Meat/Animal Product
beef_bouillon_powder,Sauce/Powder/Dressing
beef_brisket,Meat/Animal Product
beef_broth,Meat/Animal Product
beef_cheeks,Meat/Animal Product
beef_chuck,Meat/Animal Product
beef_consomme,Meat/Animal Product
beef_drippings,Meat/Animal Product
beef_fat,Sauce/Powder/Dressing
beef_gravy,Sauce/Powder/Dressing
beef_heart,Meat/Animal Product
beef_jerky,Meat/Animal Product
beef_mince,Meat/Animal Product
beef_ribs,Meat/Animal Product
beef_roast,Meat/Animal Product
beef_shank,Meat/Animal Product
beef_shanks,Meat/Animal Product
beef_short_ribs,Meat/Animal Product
beef_shoulder,Meat/Animal Product
beef_stew,Dish/End Product
beef_stew_meat,Dish/End Product
beef_stew_seasoning,Sauce/Powder/Dressing
beef_stock,Sauce/Powder/Dressing
beef_suet,Meat/Animal Product
beef_tenderloin,Meat/Animal Product
beef_tips,Meat/Animal Product
beef_tongue,Meat/Animal Product
beefsteak_tomatoes,Plant/Vegetable
beer,Beverage Alcoholic
beeswax,ETC
beet,Plant/Vegetable
beet_juice,Beverage
beet_leaves,Plant/Vegetable
beet_sugar,Sauce/Powder/Dressing
beetroot,Plant/Vegetable
belgian_endive,Plant/Vegetable
bell_pepper,Spice
benedictine,Beverage Alcoholic
berbere,Spice
berry,Fruit
bibb_lettuce,Plant/Vegetable
bicarbonate_of_soda,Sauce/Powder/Dressing
biscotti,Bakery/Dessert/Snack
biscuit,Bakery/Dessert/Snack
biscuit_dough,Bakery/Dessert/Snack
biscuit_mix,Sauce/Powder/Dressing
bisquick,Dish/End Product
bisto,Dish/End Product
bitter,ETC
bitter_melon,Fruit
bittersweet_chocolate,Bakery/Dessert/Snack
bittersweet_chocolate_chips,Bakery/Dessert/Snack
black_bean_garlic_sauce,Sauce/Powder/Dressing
black_bean_paste,Sauce/Powder/Dressing
black_bean_sauce,Sauce/Powder/Dressing
black_caviar,Seafood
black_decorating_gel,ETC
black_lentils,Cereal/Crop/Bean
black_licorice,Plant/Vegetable
black_mustard_seeds,Nut/Seed
black_pepper,Spice
black_peppercorns,Spice
black_pudding,Bakery/Dessert/Snack
black_rice,Cereal/Crop/Bean
black_salt,Sauce/Powder/Dressing
black_sesame_seeds,Nut/Seed
black_soy_sauce,Sauce/Powder/Dressing
black_tea,Plant/Vegetable
black_treacle,Sauce/Powder/Dressing
black_vinegar,Sauce/Powder/Dressing
blackberry,Fruit
blackberry_preserves,Sauce/Powder/Dressing
blackening_seasoning,Sauce/Powder/Dressing
blackstrap_molasses,Sauce/Powder/Dressing
blanched_almonds,Nut/Seed
bleach,ETC
blood_orange,Fruit
blood_orange_juice,Beverage
blood_oranges,Fruit
bloody_mary_mix,Beverage Alcoholic
blue_cheese,Dairy
blue_cheese_dressing,Sauce/Powder/Dressing
blue_curacao,Beverage Alcoholic
blue_food_coloring,Sauce/Powder/Dressing
blueberry,Fruit
blueberry_jam,Sauce/Powder/Dressing
blueberry_juice,Beverage
blueberry_pie_filling,Sauce/Powder/Dressing
blueberry_preserves,Sauce/Powder/Dressing
blueberry_sauce,Sauce/Powder/Dressing
bluefish,Seafood
bocconcini,Dairy
boiled_potatoes,Plant/Vegetable
boiling_water,Beverage
bok_choy,Plant/Vegetable
bologna,Dish/End Product
boneless_chicken,Meat/Animal Product
boneless_chicken_breasts,Meat/Animal Product
boneless_skinless_chicken_breasts,Meat/Animal Product
bonito_flakes,Seafood
borax,Sauce/Powder/Dressing
borlotti_beans,Cereal/Crop/Bean
bottarga,Seafood
bottled_clam_juice,Beverage
bottled_hot_pepper_sauce,Sauce/Powder/Dressing
bottled_lemon_juice,Beverage
bouillon,Sauce/Powder/Dressing
bouillon_cube,Sauce/Powder/Dressing
boule,Bakery/Dessert/Snack
bouquet_garni,Plant/Vegetable
bourbon,Beverage Alcoholic
bourbon_whiskey,Beverage Alcoholic
boursin_cheese,Dairy
bow_tie_pasta,Cereal/Crop/Bean
brandy,Beverage Alcoholic
bratwurst,Meat/Animal Product
bread,Bakery/Dessert/Snack
bread_cubes,Bakery/Dessert/Snack
bread_dough,Bakery/Dessert/Snack
bread_flour,Bakery/Dessert/Snack
bread_mix,Bakery/Dessert/Snack
bread_pudding,Dish/End Product
bread_rounds,Bakery/Dessert/Snack
breadcrumb,Bakery/Dessert/Snack
breadfruit,Plant/Vegetable
breading,Bakery/Dessert/Snack
breadstick,Bakery/Dessert/Snack
breakfast_sausage,Meat/Animal Product
bresaola,Meat/Animal Product
brewed_coffee,Beverage
brewed_espresso,Beverage
brewer's_yeast,Fungus
brie_cheese,Dairy
brine,Sauce/Powder/Dressing
brinjal,Plant/Vegetable
brisket,Meat/Animal Product
broccoli,Plant/Vegetable
broccoli_florets,Plant/Vegetable
broccoli_rabe,Plant/Vegetable
broccoli_slaw_mix,Plant/Vegetable
broccoli_spears,Plant/Vegetable
broccoli_sprouts,Plant/Vegetable
broccoli_stems,Plant/Vegetable
broccolini,Plant/Vegetable
broiler,ETC
broth,Sauce/Powder/Dressing
brown_bread,Bakery/Dessert/Snack
brown_gravy_mix,Sauce/Powder/Dressing
brown_mustard,Sauce/Powder/Dressing
brown_onion,Plant/Vegetable
brown_rice,Cereal/Crop/Bean
brown_rice_flour,Cereal/Crop/Bean
brown_rice_syrup,Sauce/Powder/Dressing
brown_sauce,Sauce/Powder/Dressing
brown_sugar,Sauce/Powder/Dressing
brown_sugar_substitute,Sauce/Powder/Dressing
brownie,Bakery/Dessert/Snack
brownie_mix,Bakery/Dessert/Snack
browning_sauce,Sauce/Powder/Dressing
brussels_sprouts,Plant/Vegetable
buckwheat_flour,Cereal/Crop/Bean
buckwheat_groats,Cereal/Crop/Bean
buffalo,Meat/Animal Product
buffalo_mozzarella,Dairy
buffalo_wing_sauce,Sauce/Powder/Dressing
bulb_of_garlic,Plant/Vegetable
bulgur,Dish/End Product
bulgur_wheat,Cereal/Crop/Bean
bun,Bakery/Dessert/Snack
burdock_root,Plant/Vegetable
burgundy_wine,Beverage Alcoholic
burrito,Dish/End Product
butter,Dairy
butter_buds,Dairy
butter_flavor_crisco,Bakery/Dessert/Snack
butter_flavoring,Dairy
butter_lettuce,Plant/Vegetable
butter_lettuce_leaves,Plant/Vegetable
butter_pecan_ice_cream,Bakery/Dessert/Snack
butter_substitute,Dairy
buttercream_frosting,Dairy
buttered_bread_crumbs,Bakery/Dessert/Snack
butterfish,Seafood
buttermilk,Dairy
butternut_squash,Plant/Vegetable
butterscotch_chips,Bakery/Dessert/Snack
butterscotch_pudding,Bakery/Dessert/Snack
butterscotch_schnapps,Beverage Alcoholic
butterscotch_topping,Bakery/Dessert/Snack
button_mushrooms,Fungus
cabbage,Plant/Vegetable
cabbage_leaves,Plant/Vegetable
cacao,Nut/Seed
cachaca,Beverage Alcoholic
caciocavallo,Dairy
cajun_seasoning,Sauce/Powder/Dressing
cake,Bakery/Dessert/Snack
cake_crumbs,Bakery/Dessert/Snack
cake_flour,Cereal/Crop/Bean
cake_mix,Bakery/Dessert/Snack
calamari,Dish/End Product
calvados,Beverage Alcoholic
campari,Beverage Alcoholic
canadian_bacon,Meat/Animal Product
candied_cherries,Fruit
candied_fruit,Fruit
candied_ginger,Plant/Vegetable
candied_lemon_peel,Fruit
candied_orange_peel,Fruit
candied_pecans,Nut/Seed
candied_peel,Fruit
candied_pineapple,Fruit
candied_violets,Flower
candied_walnuts,Nut/Seed
candlenut,Nut/Seed
candy,Bakery/Dessert/Snack
candy_bar,Bakery/Dessert/Snack
candy_cane,Bakery/Dessert/Snack
candy_coating,Bakery/Dessert/Snack
candy_corn,Bakery/Dessert/Snack
candy_sprinkles,Bakery/Dessert/Snack
cane_syrup,Bakery/Dessert/Snack
canela,Spice
canned_chicken,Meat/Animal Product
canned_corn,Cereal/Crop/Bean
canned_milk,Dairy
canned_pumpkin,Plant/Vegetable
canned_tomatoes,Plant/Vegetable
canned_tuna,Seafood
cannellini,Cereal/Crop/Bean
cannellini_beans,Cereal/Crop/Bean
cannelloni_tubes,Cereal/Crop/Bean
canning_salt,Sauce/Powder/Dressing
cannoli_shells,Bakery/Dessert/Snack
canola_oil,Essential Oil/Fat
canola_oil_cooking_spray,ETC
cantaloupe,Fruit
capellini,Cereal/Crop/Bean
caper,Cereal/Crop/Bean
caper_juice,Beverage
caperberries,Fruit
capicola,Meat/Animal Product
capon,Meat/Animal Product
caponata,Dish/End Product
capsicum,Spice
carambola,Fruit
caramel,Sauce/Powder/Dressing
caramel_candies,Bakery/Dessert/Snack
caramel_extract,Sauce/Powder/Dressing
caramel_ice_cream_topping,Bakery/Dessert/Snack
caramel_sauce,Sauce/Powder/Dressing
caramel_syrup,Sauce/Powder/Dressing
caramel_topping,Bakery/Dessert/Snack
caraway_seed,Nut/Seed
carbonated_water,Beverage
cardamom,Spice
cardamom_pod,Spice
cardamom_pods,Spice
cardamom_powder,Sauce/Powder/Dressing
cardamom_seeds,Nut/Seed
cardoon,Plant/Vegetable
carob_chips,Bakery/Dessert/Snack
carob_powder,Sauce/Powder/Dressing
carom_seeds,Nut/Seed
carp,Seafood
carrot,Plant/Vegetable
carrot_curls,Plant/Vegetable
carrot_juice,Beverage
cashew,Nut/Seed
casing,ETC
cassava,Plant/Vegetable
cassia,Plant/Vegetable
caster_sugar,Sauce/Powder/Dressing
catalina_dressing,Sauce/Powder/Dressing
catfish,Seafood
catfish_fillets,Seafood
catsup,Sauce/Powder/Dressing
cauliflower,Flower
cauliflower_florets,Flower
cavatelli,Cereal/Crop/Bean
caviar,Seafood
cavolo_nero,Plant/Vegetable
cayenne,Spice
cayenne_pepper,Spice
cayenne_pepper_sauce,Sauce/Powder/Dressing
cayenne_powder,Sauce/Powder/Dressing
cedar_plank,ETC
cedar_planks,ETC
celeriac,Plant/Vegetable
celery,Plant/Vegetable
celery_hearts,Plant/Vegetable
celery_leaves,Plant/Vegetable
celery_rib,Plant/Vegetable
celery_ribs,Plant/Vegetable
celery_root,Plant/Vegetable
celery_salt,Sauce/Powder/Dressing
celery_tops,Plant/Vegetable
cellophane_noodles,Cereal/Crop/Bean
cereal,Cereal/Crop/Bean
certo,Dish/End Product
chablis,Beverage Alcoholic
chai_tea,Plant/Vegetable
challah,Bakery/Dessert/Snack
champagne,Beverage Alcoholic
champagne_vinegar,Beverage Alcoholic
channa_dal,Cereal/Crop/Bean
chanterelle_mushrooms,Fungus
charcoal,ETC
chard_leaves,Plant/Vegetable
chat_masala,Sauce/Powder/Dressing
chayote,Plant/Vegetable
chayotes,Plant/Vegetable
cheddar_cheese,Dairy
cheddar_cheese_soup,Dish/End Product
cheese,Dairy
cheese_crackers,Bakery/Dessert/Snack
cheese_curds,Dairy
cheese_sauce,Sauce/Powder/Dressing
cheese_sauce_mix,Sauce/Powder/Dressing
cheese_slice,Dairy
cheese_slices,Dairy
cheese_soup,Dish/End Product
cheese_spread,Dairy
cheese_tortellini,Cereal/Crop/Bean
cheese_whiz,Dairy
cheesecake,Bakery/Dessert/Snack
cheesecloth,ETC
cheez_whiz,Dairy
cherry,Fruit
cherry_brandy,Beverage Alcoholic
cherry_cola,Beverage
cherry_extract,Fruit
cherry_gelatin,Sauce/Powder/Dressing
cherry_juice,Beverage
cherry_pie_filling,Sauce/Powder/Dressing
cherry_preserves,Sauce/Powder/Dressing
cherry_syrup,Sauce/Powder/Dressing
cherry_tomatoes,Fruit
chervil,Plant/Vegetable
chestnut,Nut/Seed
chestnut_flour,Cereal/Crop/Bean
chestnut_puree,Sauce/Powder/Dressing
chia_seeds,Nut/Seed
chicken,Meat/Animal Product
chicken_base,Meat/Animal Product
chicken_bones,Meat/Animal Product
chicken_bouillon,Meat/Animal Product
chicken_bouillon_cube,Meat/Animal Product
chicken_bouillon_cubes,Meat/Animal Product
chicken_bouillon_granules,Meat/Animal Product
chicken_bouillon_powder,Sauce/Powder/Dressing
chicken_breast,Meat/Animal Product
chicken_breast_fillets,Meat/Animal Product
chicken_breast_halves,Meat/Animal Product
chicken_breast_tenders,Meat/Animal Product
chicken_broth,Meat/Animal Product
chicken_carcass,Meat/Animal Product
chicken_cutlets,Meat/Animal Product
chicken_drumstick,Meat/Animal Product
chicken_fat,Meat/Animal Product
chicken_fillets,Meat/Animal Product
chicken_gizzards,Meat/Animal Product
chicken_gravy,Sauce/Powder/Dressing
chicken_halves,Meat/Animal Product
chicken_leg,Meat/Animal Product
chicken_leg_quarters,Meat/Animal Product
chicken_liver,Meat/Animal Product
chicken_meat,Meat/Animal Product
chicken_parts,Meat/Animal Product
chicken_pieces,Meat/Animal Product
chicken_portions,Meat/Animal Product
chicken_sausage,Meat/Animal Product
chicken_seasoning,Sauce/Powder/Dressing
chicken_skin,Meat/Animal Product
chicken_soup,Meat/Animal Product
chicken_soup_base,Meat/Animal Product
chicken_stock,Sauce/Powder/Dressing
chicken_stock_cube,Sauce/Powder/Dressing
chicken_stock_cubes,Sauce/Powder/Dressing
chicken_stock_powder,Sauce/Powder/Dressing
chicken_strips,Meat/Animal Product
chicken_tenderloins,Meat/Animal Product
chicken_tenders,Meat/Animal Product
chicken_thigh,Meat/Animal Product
chicken_thighs,Meat/Animal Product
chickpea,Cereal/Crop/Bean
chickpea_flour,Cereal/Crop/Bean
chile,Spice
chili,Spice
chili_bean_paste,Sauce/Powder/Dressing
chili_beans,Cereal/Crop/Bean
chili_flakes,Spice
chili_oil,Essential Oil/Fat
chili_paste,Sauce/Powder/Dressing
chili_paste_with_garlic,Sauce/Powder/Dressing
chili_pepper,Spice
chili_pepper_flakes,Spice
chili_powder,Sauce/Powder/Dressing
chili_sauce,Sauce/Powder/Dressing
chili_seasoning_mix,Sauce/Powder/Dressing
chili_with_beans,Cereal/Crop/Bean
chilies,Spice
chimichurri_sauce,Sauce/Powder/Dressing
chinese_cabbage,Plant/Vegetable
chinese_five_spice_powder,Sauce/Powder/Dressing
chinese_noodles,Cereal/Crop/Bean
chinese_sausage,Meat/Animal Product
chinese_vegetables,Plant/Vegetable
chip,Bakery/Dessert/Snack
chipotle_chile,Spice
chipotle_chiles,Spice
chipotle_paste,Sauce/Powder/Dressing
chipotle_pepper,Spice
chipotle_peppers,Spice
chipotle_salsa,Sauce/Powder/Dressing
chipped_beef,Meat/Animal Product
chive,Plant/Vegetable
chive_blossoms,Plant/Vegetable
chocolate,Bakery/Dessert/Snack
chocolate_almond_bark,Bakery/Dessert/Snack
chocolate_bar,Bakery/Dessert/Snack
chocolate_cake,Bakery/Dessert/Snack
chocolate_cake_mix,Bakery/Dessert/Snack
chocolate_chip_cookie,Bakery/Dessert/Snack
chocolate_chips,Bakery/Dessert/Snack
chocolate_cookie_crumbs,Bakery/Dessert/Snack
chocolate_cookies,Bakery/Dessert/Snack
chocolate_curls,Bakery/Dessert/Snack
chocolate_extract,Bakery/Dessert/Snack
chocolate_frosting,Bakery/Dessert/Snack
chocolate_fudge_topping,Bakery/Dessert/Snack
chocolate_graham_crackers,Bakery/Dessert/Snack
chocolate_hazelnut_spread,Bakery/Dessert/Snack
chocolate_ice_cream,Bakery/Dessert/Snack
chocolate_icing,Bakery/Dessert/Snack
chocolate_leaves,Bakery/Dessert/Snack
chocolate_liqueur,Bakery/Dessert/Snack
chocolate_milk,Bakery/Dessert/Snack
chocolate_pieces,Bakery/Dessert/Snack
chocolate_pudding,Bakery/Dessert/Snack
chocolate_shavings,Bakery/Dessert/Snack
chocolate_spread,Bakery/Dessert/Snack
chocolate_sprinkles,Bakery/Dessert/Snack
chocolate_squares,Bakery/Dessert/Snack
chocolate_syrup,Sauce/Powder/Dressing
chocolate_wafer_cookies,Bakery/Dessert/Snack
chocolate_wafer_crumbs,Bakery/Dessert/Snack
chocolate_wafers,Bakery/Dessert/Snack
chopped_tomato,Plant/Vegetable
chopped_tomatoes,Plant/Vegetable
chorizo_sausage,Meat/Animal Product
chow_mein_noodles,Cereal/Crop/Bean
choy_sum,Plant/Vegetable
chuck,Meat/Animal Product
chuck_roast,Meat/Animal Product
chunky_peanut_butter,Sauce/Powder/Dressing
chutney,Dish/End Product
ciabatta,Bakery/Dessert/Snack
ciabatta_rolls,Bakery/Dessert/Snack
cider,Beverage
cider_vinegar,Sauce/Powder/Dressing
cilantro,Plant/Vegetable
cilantro_leaves,Plant/Vegetable
cilantro_stems,Plant/Vegetable
cinnamon,Spice
cinnamon_bark,Plant/Vegetable
cinnamon_oil,Essential Oil/Fat
cinnamon_schnapps,Plant/Vegetable
cinnamon_stick,Plant/Vegetable
cinnamon_sticks,Plant/Vegetable
cinnamon_sugar,Sauce/Powder/Dressing
cipollini_onions,Plant/Vegetable
citric_acid,Sauce/Powder/Dressing
citron,Plant/Vegetable
citrus_juice,Beverage
clam,Seafood
clam_base,Seafood
clam_broth,Seafood
clam_juice,Seafood
clamato_juice,Beverage
clarified_butter,Dairy
clear_honey,Sauce/Powder/Dressing
clementine,Plant/Vegetable
clementine_juice,Beverage
cloth,ETC
clotted_cream,Dairy
clove,Spice
club_soda,Beverage
coarse_black_pepper,Spice
coarse_salt,Sauce/Powder/Dressing
coarse_sea_salt,Sauce/Powder/Dressing
coarse_sugar,Sauce/Powder/Dressing
coating_mix,ETC
cockle,Seafood
cocktail_franks,Beverage Alcoholic
cocktail_onions,Plant/Vegetable
coco_lopez,Plant/Vegetable
cocoa,Plant/Vegetable
cocoa_butter,Dairy
cocoa_powder,Sauce/Powder/Dressing
coconut,Fruit
coconut_aminos,Fruit
coconut_butter,Fruit
coconut_cream,Fruit
coconut_extract,Fruit
coconut_flakes,Fruit
coconut_flour,Fruit
coconut_juice,Beverage
coconut_meat,Fruit
coconut_milk,Dairy
coconut_milk_powder,Sauce/Powder/Dressing
coconut_oil,Essential Oil/Fat
coconut_rum,Beverage Alcoholic
coconut_sorbet,Sauce/Powder/Dressing
coconut_syrup,Sauce/Powder/Dressing
coconut_water,Beverage
cod,Meat/Animal Product
cod_steaks,Meat/Animal Product
coffee,Beverage
coffee_creamer,Dish/End Product
coffee_extract,Dish/End Product
coffee_ice_cream,Bakery/Dessert/Snack
coffee_ice_cubes,ETC
coffee_liqueur,Beverage Alcoholic
cognac,Beverage Alcoholic
coke,Beverage
cola,Beverage
colby,Dairy
colby_cheese,Dairy
cold_water,Beverage
coleslaw,Dish/End Product
coleslaw_dressing,Sauce/Powder/Dressing
coleslaw_mix,Dish/End Product
collard_greens,Plant/Vegetable
colored_sprinkles,Sauce/Powder/Dressing
conch,Seafood
condensed_cream_of_mushroom_soup,Dish/End Product
condensed_milk,Dairy
condensed_tomato_soup,Dish/End Product
condiment,Sauce/Powder/Dressing
confectioners'_sugar,Sauce/Powder/Dressing
consomme,Meat/Animal Product
cooked_bacon,Meat/Animal Product
cooked_beef,Meat/Animal Product
cooked_broccoli,Plant/Vegetable
cooked_brown_rice,Cereal/Crop/Bean
cooked_chicken,Meat/Animal Product
cooked_egg_noodles,Cereal/Crop/Bean
cooked_ham,Meat/Animal Product
cooked_lentils,Cereal/Crop/Bean
cooked_macaroni,Cereal/Crop/Bean
cooked_noodles,Cereal/Crop/Bean
cooked_oatmeal,Cereal/Crop/Bean
cooked_pasta,Dish/End Product
cooked_quinoa,Plant/Vegetable
cooked_rice,Cereal/Crop/Bean
cooked_shrimp,Seafood
cooked_spaghetti,Cereal/Crop/Bean
cooked_turkey,Meat/Animal Product
cooked_white_rice,Cereal/Crop/Bean
cooked_wild_rice,Cereal/Crop/Bean
cookie,Bakery/Dessert/Snack
cookie_crumbs,Bakery/Dessert/Snack
cookie_cutter,Bakery/Dessert/Snack
cookie_dough,Bakery/Dessert/Snack
cookie_mix,Bakery/Dessert/Snack
cooking_apple,Fruit
cooking_oil,Essential Oil/Fat
cooking_sauce,Sauce/Powder/Dressing
cooking_sherry,Beverage Alcoholic
cooking_spray,ETC
cooking_wine,Beverage Alcoholic
cooky,Bakery/Dessert/Snack
cool_whip,Dairy
cool_whip_free,Dairy
cool_whip_lite,Dairy
cool_whip_topping,Dairy
copha,Bakery/Dessert/Snack
coriander,Plant/Vegetable
coriander_leaves,Plant/Vegetable
coriander_powder,Sauce/Powder/Dressing
coriander_seed,Nut/Seed
coriander_sprigs,Plant/Vegetable
corn,Cereal/Crop/Bean
corn_chex,Bakery/Dessert/Snack
corn_flake_crumbs,Bakery/Dessert/Snack
corn_husks,Cereal/Crop/Bean
corn_kernels,Cereal/Crop/Bean
corn_muffin_mix,Bakery/Dessert/Snack
corn_oil,Essential Oil/Fat
corn_on_the_cob,Cereal/Crop/Bean
corn_syrup,Sauce/Powder/Dressing
corn_tortilla,Cereal/Crop/Bean
corn_tortilla_chips,Bakery/Dessert/Snack
corn_tortillas,Cereal/Crop/Bean
cornbread,Bakery/Dessert/Snack
cornbread_mix,Bakery/Dessert/Snack
corned_beef,Meat/Animal Product
corned_beef_brisket,Meat/Animal Product
cornflour,Cereal/Crop/Bean
cornichons,Plant/Vegetable
cornish_hen,Meat/Animal Product
cornish_hens,Meat/Animal Product
cornmeal,Cereal/Crop/Bean
cornmeal_mix,Cereal/Crop/Bean
cornstarch,Cereal/Crop/Bean
cornstarch_paste,Sauce/Powder/Dressing
cotija_cheese,Dairy
cottage_cheese,Dairy
country_bread,Bakery/Dessert/Snack
country_ham,Meat/Animal Product
courgette,Plant/Vegetable
court_bouillon,Seafood
couscous,Dish/End Product
crab,Seafood
crab_boil,Seafood
crab_boil_seasoning,Sauce/Powder/Dressing
crab_claws,Seafood
crab_legs,Seafood
crabapple,Fruit
crabmeat,Seafood
cracked_black_pepper,Spice
cracked_ice,ETC
cracked_pepper,Spice
cracked_wheat,Cereal/Crop/Bean
cracker,Bakery/Dessert/Snack
cracker_crumbs,Bakery/Dessert/Snack
cracker_meal,Bakery/Dessert/Snack
craisins,Fruit
cranberry,Fruit
cranberry_beans,Cereal/Crop/Bean
cranberry_jelly,Bakery/Dessert/Snack
cranberry_juice,Beverage
cranberry_juice_cocktail,Beverage Alcoholic
cranberry_juice_concentrate,Beverage
cranberry_sauce,Sauce/Powder/Dressing
crawfish,Seafood
crawfish_tails,Seafood
crayfish,Seafood
cream,Dairy
cream_cheese,Dairy
cream_cheese_frosting,Dairy
cream_cheese_spread,Dairy
cream_of_celery_soup,Dish/End Product
cream_of_chicken_soup,Dish/End Product
cream_of_coconut,Dairy
cream_of_mushroom_soup,Dish/End Product
cream_of_shrimp_soup,Dish/End Product
cream_of_tartar,Dairy
cream_of_wheat,Dairy
cream_sherry,Beverage Alcoholic
cream_soda,Beverage
cream_soup,Dish/End Product
creamed_coconut,Fruit
creamed_corn,Cereal/Crop/Bean
creamed_horseradish,Plant/Vegetable
creamed_spinach,Plant/Vegetable
creamy_peanut_butter,Dairy
crema,Dairy
creme_anglaise,Dish/End Product
creme_de_banane,Dish/End Product
creme_de_cacao,Dish/End Product
creme_de_cassis,Dish/End Product
creme_de_menthe,Dish/End Product
creme_fraiche,Dish/End Product
cremini_mushrooms,Fungus
creole_mustard,Sauce/Powder/Dressing
creole_seasoning,Sauce/Powder/Dressing
crepe,Dish/End Product
crescent_roll,Bakery/Dessert/Snack
crescent_roll_dough,Bakery/Dessert/Snack
crisco,Dairy
crisco_shortening,Dairy
crisp_rice_cereal,Bakery/Dessert/Snack
crispix_cereal,Bakery/Dessert/Snack
crispy_rice_cereal,Bakery/Dessert/Snack
croissant,Bakery/Dessert/Snack
crostini,Dish/End Product
crouton,Dish/End Product
crumpet,Bakery/Dessert/Snack
crunchy_peanut_butter,Dairy
crushed_pineapple,Fruit
crushed_red_pepper_flakes,Spice
crushed_tomatoes,Plant/Vegetable
crusty_bread,Bakery/Dessert/Snack
crystallized_ginger,Plant/Vegetable
cubanelle_peppers,Spice
cube_steaks,Meat/Animal Product
cucumber,Plant/Vegetable
culantro,Plant/Vegetable
cumin,Spice
cumin_powder,Sauce/Powder/Dressing
cumin_seed,Nut/Seed
cupcake,Bakery/Dessert/Snack
cupcake_liners,ETC
curd,Dairy
curd_cheese,Dairy
curing_salt,Sauce/Powder/Dressing
currant,Plant/Vegetable
currant_jelly,Bakery/Dessert/Snack
curry,Dish/End Product
curry_leaf,Plant/Vegetable
curry_leaves,Plant/Vegetable
curry_paste,Sauce/Powder/Dressing
curry_powder,Sauce/Powder/Dressing
curry_sauce,Sauce/Powder/Dressing
custard,Dairy
custard_powder,Sauce/Powder/Dressing
cuttlefish,Seafood
daikon_radish,Plant/Vegetable
daikon_sprouts,Plant/Vegetable
dal,Dish/End Product
dark_beer,Beverage Alcoholic
dark_brown_sugar,Sauce/Powder/Dressing
dark_chocolate,Bakery/Dessert/Snack
dark_chocolate_chips,Bakery/Dessert/Snack
dark_cocoa,Cereal/Crop/Bean
dark_corn_syrup,Sauce/Powder/Dressing
dark_molasses,Sauce/Powder/Dressing
dark_raisins,Fruit
dark_rum,Beverage Alcoholic
dark_sesame_oil,Essential Oil/Fat
dark_soy_sauce,Sauce/Powder/Dressing
dashi,Seafood
dashi_powder,Sauce/Powder/Dressing
dashi_stock,Sauce/Powder/Dressing
dashida,Sauce/Powder/Dressing
date,Fruit
date_sugar,Sauce/Powder/Dressing
date_syrup,Sauce/Powder/Dressing
decorating_gel,ETC
decorator_sugar,Sauce/Powder/Dressing
deer,Meat/Animal Product
deli_ham,Meat/Animal Product
demerara_sugar,Sauce/Powder/Dressing
desiccated_coconut,Sauce/Powder/Dressing
dessert_topping,Bakery/Dessert/Snack
deviled_ham,Meat/Animal Product
diced_green_chilies,Spice
diced_onion,Plant/Vegetable
diced_onions,Plant/Vegetable
diced_tomatoes,Plant/Vegetable
diced_tomatoes_with_juice,Plant/Vegetable
digestive_biscuits,Bakery/Dessert/Snack
dijon_mustard,Sauce/Powder/Dressing
dill,Plant/Vegetable
dill_pickle,Plant/Vegetable
dill_relish,Plant/Vegetable
dill_sprigs,Plant/Vegetable
dill_weed,Plant/Vegetable
dinner_rolls,Bakery/Dessert/Snack
dipper,ETC
dipping_chocolate,Bakery/Dessert/Snack
dipping_sauce,Sauce/Powder/Dressing
distilled_water,Beverage
distilled_white_vinegar,Sauce/Powder/Dressing
ditalini,Cereal/Crop/Bean
doritos,Bakery/Dessert/Snack
double_cream,Dairy
double_crust,Bakery/Dessert/Snack
doughnut,Bakery/Dessert/Snack
dove,Bakery/Dessert/Snack
dragee,Bakery/Dessert/Snack
drambuie,Beverage Alcoholic
dream_whip,Dairy
dried_anchovies,Seafood
dried_apples,Fruit
dried_apricot,Plant/Vegetable
dried_basil,Plant/Vegetable
dried_beans,Cereal/Crop/Bean
dried_beef,Meat/Animal Product
dried_blueberries,Fruit
dried_breadcrumbs,Bakery/Dessert/Snack
dried_cherries,Fruit
dried_chilies,Spice
dried_chives,Plant/Vegetable
dried_cilantro,Plant/Vegetable
dried_coriander,Plant/Vegetable
dried_cranberries,Fruit
dried_dill,Plant/Vegetable
dried_dill_weed,Nut/Seed
dried_figs,Fruit
dried_fruit,Fruit
dried_herbs,Plant/Vegetable
dried_italian_seasoning,Sauce/Powder/Dressing
dried_lavender,Plant/Vegetable
dried_limes,Fruit
dried_mango,Fruit
dried_marjoram,Plant/Vegetable
dried_mint,Plant/Vegetable
dried_morels,Fungus
dried_mushrooms,Fungus
dried_mustard,Plant/Vegetable
dried_onion,Plant/Vegetable
dried_onion_flakes,Plant/Vegetable
dried_orange_peel,Fruit
dried_oregano,Plant/Vegetable
dried_parsley,Plant/Vegetable
dried_parsley_flakes,Plant/Vegetable
dried_peaches,Fruit
dried_pineapple,Fruit
dried_plums,Fruit
dried_porcini_mushrooms,Fungus
dried_red_chilies,Spice
dried_rosemary,Plant/Vegetable
dried_sage,Plant/Vegetable
dried_scallops,Seafood
dried_shiitake_mushrooms,Fungus
dried_shrimp,Seafood
dried_split_peas,Cereal/Crop/Bean
dried_strawberries,Fruit
dried_tarragon,Plant/Vegetable
dried_thyme,Plant/Vegetable
dried_tomatoes,Plant/Vegetable
dried_yeast,Fungus
dripping,Essential Oil/Fat
dry_basil,Plant/Vegetable
dry_bread,Bakery/Dessert/Snack
dry_breadcrumbs,Bakery/Dessert/Snack
dry_lentils,Cereal/Crop/Bean
dry_milk,Dairy
dry_mustard,Cereal/Crop/Bean
dry_onion_soup_mix,Dish/End Product
dry_oregano,Plant/Vegetable
dry_red_wine,Beverage Alcoholic
dry_roasted_peanuts,Nut/Seed
dry_sherry,Beverage Alcoholic
dry_vermouth,Beverage Alcoholic
dry_white_wine,Beverage Alcoholic
dry_yeast,Fungus
duck,Meat/Animal Product
duck_breast,Meat/Animal Product
duck_breasts,Meat/Animal Product
duck_confit,Meat/Animal Product
duck_fat,Meat/Animal Product
duck_legs,Meat/Animal Product
duck_stock,Meat/Animal Product
duckling,Meat/Animal Product
dulce_de_leche,Bakery/Dessert/Snack
dumpling,Dish/End Product
dumpling_wrappers,ETC
ear_of_corn,Cereal/Crop/Bean
ears_of_corn,Cereal/Crop/Bean
eau_de_vie,Beverage Alcoholic
edamame,Cereal/Crop/Bean
edible_glitter,ETC
eel,Seafood
egg,Meat/Animal Product
egg_roll_wraps,Dish/End Product
egg_substitute,Meat/Animal Product
egg_wash,Meat/Animal Product
egg_white,Meat/Animal Product
egg_white_powder,Sauce/Powder/Dressing
egg_whites,Meat/Animal Product
egg_yolk,Meat/Animal Product
eggnog,Meat/Animal Product
eggplant,Plant/Vegetable
elbow_macaroni,Cereal/Crop/Bean
elderberry,Fruit
elderflower_liqueur,Beverage Alcoholic
enchilada_sauce,Sauce/Powder/Dressing
endive,Plant/Vegetable
english_cucumber,Plant/Vegetable
english_muffin,Bakery/Dessert/Snack
english_muffins,Bakery/Dessert/Snack
english_mustard,Sauce/Powder/Dressing
english_peas,Cereal/Crop/Bean
enoki_mushrooms,Fungus
epazote,Plant/Vegetable
erythritol,ETC
escargot,Dish/End Product
escarole,Plant/Vegetable
espresso,Beverage
espresso_beans,Cereal/Crop/Bean
espresso_coffee,Beverage
espresso_granules,Sauce/Powder/Dressing
espresso_powder,Sauce/Powder/Dressing
evaporated_cane_juice,Beverage
evaporated_milk,Dairy
evaporated_skim_milk,Dairy
extra_virgin_olive_oil,Essential Oil/Fat
extract,Sauce/Powder/Dressing
fajita_seasoning_mix,Sauce/Powder/Dressing
farfalle_pasta,Cereal/Crop/Bean
farina,Cereal/Crop/Bean
farmer_cheese,Dairy
fat,Essential Oil/Fat
fat_free_cream_cheese,Dairy
fat_free_sour_cream,Dairy
fennel,Plant/Vegetable
fennel_bulb,Plant/Vegetable
fennel_bulbs,Plant/Vegetable
fennel_leaves,Plant/Vegetable
fennel_pollen,Plant/Vegetable
fenugreek_leaves,Plant/Vegetable
fermented_black_beans,Cereal/Crop/Bean
feta,Dairy
feta_cheese,Dairy
fettuccine,Cereal/Crop/Bean
fiber_one_cereal,Cereal/Crop/Bean
fiddlehead,Plant/Vegetable
fideos,Dish/End Product
fig,Plant/Vegetable
fig_jam,Sauce/Powder/Dressing
fig_preserves,Plant/Vegetable
filbert,Nut/Seed
file_powder,Sauce/Powder/Dressing
filet_mignon,Meat/Animal Product
fillet,Meat/Animal Product
fine_salt,Sauce/Powder/Dressing
fine_sea_salt,Sauce/Powder/Dressing
fine_sugar,Sauce/Powder/Dressing
fingerling_potatoes,Plant/Vegetable
firm_tofu,Cereal/Crop/Bean
fish,Seafood
fish_bones,Seafood
fish_fumet,Seafood
fish_roe,Seafood
fish_sauce,Sauce/Powder/Dressing
fish_stock,Sauce/Powder/Dressing
flaked_coconut,Sauce/Powder/Dressing
flaked_sea_salt,Sauce/Powder/Dressing
flank_steak,Meat/Animal Product
flat_bread,Bakery/Dessert/Snack
flat_iron_steaks,Meat/Animal Product
flat_leaf_parsley,Plant/Vegetable
flavoring,Sauce/Powder/Dressing
flax_seed_meal,Nut/Seed
flax_seed_oil,Essential Oil/Fat
flax_seeds,Nut/Seed
fleur_de_sel,Sauce/Powder/Dressing
flounder,Seafood
flounder_fillets,Seafood
flour,Cereal/Crop/Bean
flour_tortilla,Cereal/Crop/Bean
flour_tortillas,Cereal/Crop/Bean
focaccia_bread,Bakery/Dessert/Snack
foie_gras,Meat/Animal Product
fondant,Bakery/Dessert/Snack
fontina,Dairy
fontina_cheese,Dairy
food_coloring,ETC
frangelico,Beverage Alcoholic
frank,Meat/Animal Product
frankfurter,Meat/Animal Product
french_baguette,Bakery/Dessert/Snack
french_beans,Cereal/Crop/Bean
french_bread,Bakery/Dessert/Snack
french_dressing,Sauce/Powder/Dressing
french_fries,Dish/End Product
french_onion_dip,Sauce/Powder/Dressing
french_onion_soup,Sauce/Powder/Dressing
french_rolls,Dish/End Product
fresh_asparagus,Plant/Vegetable
fresh_basil,Plant/Vegetable
fresh_basil_leaves,Plant/Vegetable
fresh_black_pepper,Spice
fresh_blackberries,Fruit
fresh_blueberries,Fruit
fresh_breadcrumbs,Bakery/Dessert/Snack
fresh_broccoli,Plant/Vegetable
fresh_cherries,Fruit
fresh_chives,Plant/Vegetable
fresh_cilantro,Plant/Vegetable
fresh_cilantro_leaves,Plant/Vegetable
fresh_coconut,Fruit
fresh_coriander,Plant/Vegetable
fresh_coriander_leaves,Plant/Vegetable
fresh_corn,Cereal/Crop/Bean
fresh_cracked_pepper,Spice
fresh_cranberries,Fruit
fresh_cream,Dairy
fresh_dill,Plant/Vegetable
fresh_figs,Plant/Vegetable
fresh_fruit,Fruit
fresh_garlic,Plant/Vegetable
fresh_ginger,Plant/Vegetable
fresh_green_beans,Cereal/Crop/Bean
fresh_ground_black_pepper,Spice
fresh_ground_pepper,Spice
fresh_herbs,Plant/Vegetable
fresh_italian_parsley,Plant/Vegetable
fresh_lemon,Fruit
fresh_lemon_juice,Beverage
fresh_lime_juice,Beverage
fresh_mango,Fruit
fresh_marjoram,Plant/Vegetable
fresh_mint_leaves,Plant/Vegetable
fresh_mozzarella_cheese,Dairy
fresh_mushrooms,Fungus
fresh_nutmeg,Spice
fresh_orange_juice,Beverage
fresh_oregano,Plant/Vegetable
fresh_parmesan_cheese,Dairy
fresh_parsley,Plant/Vegetable
fresh_parsley_leaves,Plant/Vegetable
fresh_pasta,Cereal/Crop/Bean
fresh_peaches,Fruit
fresh_peas,Cereal/Crop/Bean
fresh_pineapple,Fruit
fresh_raspberries,Fruit
fresh_ricotta,Dairy
fresh_rosemary,Plant/Vegetable
fresh_rosemary_leaves,Plant/Vegetable
fresh_sage,Plant/Vegetable
fresh_sage_leaves,Plant/Vegetable
fresh_spinach,Plant/Vegetable
fresh_spinach_leaves,Plant/Vegetable
fresh_strawberries,Fruit
fresh_tarragon,Plant/Vegetable
fresh_thyme,Plant/Vegetable
fresh_thyme_leaves,Plant/Vegetable
fresh_tomatoes,Plant/Vegetable
fresh_yeast,Fungus
fried_onions,Plant/Vegetable
fried_rice,Cereal/Crop/Bean
fried_shallots,Plant/Vegetable
frisee,Plant/Vegetable
fromage_blanc,Dairy
fromage_frais,Dairy
frosted_flakes,Cereal/Crop/Bean
frosting,Sauce/Powder/Dressing
frozen_blueberries,Fruit
frozen_bread_dough,Bakery/Dessert/Snack
frozen_broccoli,Plant/Vegetable
frozen_chopped_spinach,Plant/Vegetable
frozen_corn,Cereal/Crop/Bean
frozen_corn_kernels,Cereal/Crop/Bean
frozen_cranberries,Fruit
frozen_edamame,Cereal/Crop/Bean
frozen_fruit,Fruit
frozen_green_beans,Cereal/Crop/Bean
frozen_green_peas,Cereal/Crop/Bean
frozen_hash_browns,Bakery/Dessert/Snack
frozen_lemonade,Plant/Vegetable
frozen_lemonade_concentrate,Plant/Vegetable
frozen_meatballs,Meat/Animal Product
frozen_mixed_vegetables,Plant/Vegetable
frozen_orange_juice_concentrate,Plant/Vegetable
frozen_peaches,Fruit
frozen_peas,Cereal/Crop/Bean
frozen_peas_and_carrots,Plant/Vegetable
frozen_puff_pastry,Bakery/Dessert/Snack
frozen_raspberries,Fruit
frozen_shrimp,Seafood
frozen_spinach,Plant/Vegetable
frozen_strawberries,Fruit
frozen_tater_tots,Plant/Vegetable
frozen_vegetables,Plant/Vegetable
frozen_whipped_topping,Sauce/Powder/Dressing
frozen_yogurt,Dairy
fructose,ETC
fruit,Fruit
fruit_chutney,Sauce/Powder/Dressing
fruit_cocktail,Beverage Alcoholic
fruit_filling,Sauce/Powder/Dressing
fruit_juice,Beverage
fruit_pectin,ETC
fruit_preserves,Sauce/Powder/Dressing
fruit_punch,Beverage
fruit_salad,Fruit
fruit_snacks,Bakery/Dessert/Snack
fruit_spread,Sauce/Powder/Dressing
fryer,ETC
frying_oil,Essential Oil/Fat
fudge,Bakery/Dessert/Snack
fudge_sauce,Sauce/Powder/Dressing
fusilli,Cereal/Crop/Bean
gai_lan,Plant/Vegetable
galangal,Plant/Vegetable
galliano,Beverage Alcoholic
ganache,Bakery/Dessert/Snack
garam_masala,Spice
garam_masala_powder,Sauce/Powder/Dressing
garbanzo_beans,Cereal/Crop/Bean
garlic,Plant/Vegetable
garlic_and_herb_seasoning,Sauce/Powder/Dressing
garlic_bread,Bakery/Dessert/Snack
garlic_butter,Dairy
garlic_clove,Plant/Vegetable
garlic_flakes,Plant/Vegetable
garlic_granules,Plant/Vegetable
garlic_heads,Plant/Vegetable
garlic_juice,Beverage
garlic_oil,Essential Oil/Fat
garlic_paste,Sauce/Powder/Dressing
garlic_pepper_seasoning,Sauce/Powder/Dressing
garlic_powder,Sauce/Powder/Dressing
garlic_salt,Sauce/Powder/Dressing
garlic_sauce,Sauce/Powder/Dressing
garlic_sausage,Meat/Animal Product
garlic_scapes,Plant/Vegetable
garlic_seasoning,Sauce/Powder/Dressing
gelatin,Sauce/Powder/Dressing
gelatin_powder,Sauce/Powder/Dressing
gelatin_sheets,Sauce/Powder/Dressing
gelato,Bakery/Dessert/Snack
ghee,Essential Oil/Fat
gherkin,Plant/Vegetable
giardiniera,Plant/Vegetable
gin,Beverage Alcoholic
ginger,Plant/Vegetable
ginger_ale,Beverage Alcoholic
ginger_beer,Beverage Alcoholic
ginger_juice,Beverage
ginger_liqueur,Beverage Alcoholic
ginger_paste,Sauce/Powder/Dressing
ginger_powder,Sauce/Powder/Dressing
ginger_syrup,Sauce/Powder/Dressing
ginger_wine,Beverage Alcoholic
gingerbread,Bakery/Dessert/Snack
gingerroot,Plant/Vegetable
gingersnap,Bakery/Dessert/Snack
gingersnap_cookies,Bakery/Dessert/Snack
gingersnap_crumbs,Bakery/Dessert/Snack
ginkgo_nuts,Nut/Seed
glace_cherries,Fruit
glaze,Sauce/Powder/Dressing
glitter,ETC
glue,ETC
gluten_flour,Cereal/Crop/Bean
glutinous_rice,Cereal/Crop/Bean
glycerin,ETC
glycerine,ETC
gnocchi,Dish/End Product
goat_cheese,Dairy
goat_meat,Meat/Animal Product
goat's_cheese,Dairy
gochujang,Sauce/Powder/Dressing
goji_berries,Fruit
golden_brown_sugar,Sauce/Powder/Dressing
golden_raisins,Bakery/Dessert/Snack
golden_syrup,Sauce/Powder/Dressing
goose,Meat/Animal Product
goose_fat,Meat/Animal Product
gooseberry,Fruit
gorgonzola,Dairy
gouda_cheese,Dairy
gourd,Plant/Vegetable
graham_cracker,Bakery/Dessert/Snack
graham_cracker_crumbs,Bakery/Dessert/Snack
graham_cracker_crust,Bakery/Dessert/Snack
graham_cracker_pie_crust,Bakery/Dessert/Snack
graham_cracker_squares,Bakery/Dessert/Snack
graham_wafer_crumbs,Bakery/Dessert/Snack
graham_wafers,Bakery/Dessert/Snack
grain,Cereal/Crop/Bean
grain_alcohol,Beverage Alcoholic
grains_of_paradise,Plant/Vegetable
grainy_mustard,Sauce/Powder/Dressing
grand_marnier,Beverage Alcoholic
granny_smith_apples,Fruit
granulated_garlic,Plant/Vegetable
granulated_onion,Plant/Vegetable
granulated_sugar,Sauce/Powder/Dressing
grape,Fruit
grape_jelly,Sauce/Powder/Dressing
grape_juice,Beverage
grape_leaves,Plant/Vegetable
grape_tomatoes,Plant/Vegetable
grapefruit,Fruit
grapefruit_juice,Beverage
grapefruit_peel,Fruit
grapefruit_sections,Fruit
grapefruit_zest,Fruit
grapeseed_oil,Essential Oil/Fat
grappa,Beverage Alcoholic
gravy,Sauce/Powder/Dressing
gravy_mix,Sauce/Powder/Dressing
gray_salt,Sauce/Powder/Dressing
great_northern_beans,Cereal/Crop/Bean
greek_oregano,Plant/Vegetable
greek_yogurt,Dairy
green,ETC
green_apple,Fruit
green_apples,Fruit
green_asparagus,Plant/Vegetable
green_bell_pepper,Spice
green_bell_peppers,Spice
green_cabbage,Plant/Vegetable
green_cardamom_pods,Spice
green_cardamoms,Plant/Vegetable
green_chili_peppers,Spice
green_chili_sauce,Sauce/Powder/Dressing
green_chilies,Spice
green_chutney,Sauce/Powder/Dressing
green_curry_paste,Sauce/Powder/Dressing
green_enchilada_sauce,Sauce/Powder/Dressing
green_food_coloring,ETC
green_grapes,Fruit
green_lentils,Cereal/Crop/Bean
green_onion,Plant/Vegetable
green_onion_tops,Plant/Vegetable
green_pepper,Spice
green_pepper_rings,Spice
green_peppercorns,Spice
green_plantains,Plant/Vegetable
green_salad,Plant/Vegetable
green_tea,Beverage
green_tea_powder,Sauce/Powder/Dressing
green_tomato,Plant/Vegetable
green_tomatoes,Plant/Vegetable
gremolata,Plant/Vegetable
grenadine,Sauce/Powder/Dressing
grilled_chicken,Meat/Animal Product
grit,Dish/End Product
ground_allspice,Spice
ground_beef,Meat/Animal Product
ground_black_pepper,Spice
ground_cardamom,Spice
ground_cayenne_pepper,Spice
ground_chicken,Meat/Animal Product
ground_chuck,Meat/Animal Product
ground_cinnamon,Spice
ground_cloves,Spice
ground_coffee,Beverage
ground_coriander,Spice
ground_cumin,Spice
ground_fennel,Spice
ground_flax_seeds,Nut/Seed
ground_ginger,Plant/Vegetable
ground_ham,Meat/Animal Product
ground_lamb,Meat/Animal Product
ground_mace,Spice
ground_meat,Meat/Animal Product
ground_mustard,Spice
ground_nutmeg,Nut/Seed
ground_oregano,Spice
ground_paprika,Spice
ground_pecans,Sauce/Powder/Dressing
ground_pepper,Spice
ground_pork,Meat/Animal Product
ground_red_pepper,Spice
ground_round,Dish/End Product
ground_sage,Spice
ground_sausage,Meat/Animal Product
ground_sirloin,Meat/Animal Product
ground_thyme,Spice
ground_turkey,Meat/Animal Product
ground_turkey_breast,Meat/Animal Product
ground_turmeric,Spice
ground_veal,Meat/Animal Product
ground_venison,Meat/Animal Product
ground_walnuts,Nut/Seed
grouper,Seafood
grouper_fillets,Seafood
gruyere,Dairy
gruyere_cheese,Dairy
guacamole,Sauce/Powder/Dressing
guar_gum,Sauce/Powder/Dressing
guava,Fruit
guava_jelly,Bakery/Dessert/Snack
guava_juice,Beverage
guava_nectar,Beverage
guava_paste,Sauce/Powder/Dressing
gumbo_file,Spice
gumdrop,Bakery/Dessert/Snack
gummy_worms,Bakery/Dessert/Snack
gyoza_skins,Bakery/Dessert/Snack
habanero,Plant/Vegetable
habanero_pepper,Spice
habanero_peppers,Spice
habanero_sauce,Sauce/Powder/Dressing
habaneros,Plant/Vegetable
haddock,Seafood
haddock_fillets,Seafood
halibut,Seafood
halibut_fillets,Seafood
halibut_steaks,Seafood
halloumi_cheese,Dairy
ham,Meat/Animal Product
ham_bone,Meat/Animal Product
ham_hock,Meat/Animal Product
ham_shank,Meat/Animal Product
ham_slices,Meat/Animal Product
ham_steak,Meat/Animal Product
ham_steaks,Meat/Animal Product
ham_stock,Sauce/Powder/Dressing
hamburger,Dish/End Product
hamburger_bun,Bakery/Dessert/Snack
hamburger_meat,Meat/Animal Product
hamburger_patties,Meat/Animal Product
harissa,Spice
hash_brown_patties,Meat/Animal Product
hash_brown_potatoes,Dish/End Product
hash_browns,Bakery/Dessert/Snack
havarti_cheese,Dairy
hazelnut,Nut/Seed
hazelnut_butter,Dairy
hazelnut_extract,Sauce/Powder/Dressing
hazelnut_oil,Essential Oil/Fat
hazelnut_syrup,Sauce/Powder/Dressing
head_of_cabbage,Plant/Vegetable
head_of_garlic,Plant/Vegetable
heads_of_garlic,Plant/Vegetable
hearts_of_palm,Plant/Vegetable
heavy_cream,Sauce/Powder/Dressing
heavy_whipping_cream,Sauce/Powder/Dressing
heirloom_tomatoes,Plant/Vegetable
hen,Meat/Animal Product
herb,Plant/Vegetable
herb_oil,Essential Oil/Fat
herbes_de_provence,Plant/Vegetable
herbsaint,Beverage Alcoholic
herring_fillets,Seafood
hershey's_syrup,Sauce/Powder/Dressing
hickory_chips,Plant/Vegetable
hidden_valley_original_ranch_dressing,Sauce/Powder/Dressing
hidden_valley_original_ranch_seasoning_mix,Sauce/Powder/Dressing
hijiki_seaweed,Seafood
hing,Plant/Vegetable
hoagie_roll,Bakery/Dessert/Snack
hoagie_rolls,Bakery/Dessert/Snack
hog_casings,Meat/Animal Product
hoisin_sauce,Sauce/Powder/Dressing
hollandaise_sauce,Sauce/Powder/Dressing
hominy,Cereal/Crop/Bean
honey,Sauce/Powder/Dressing
honey_butter,Dairy
honey_mustard,Sauce/Powder/Dressing
honey_mustard_dressing,Sauce/Powder/Dressing
honey_syrup,Sauce/Powder/Dressing
honeydew,Fruit
honeydew_melon,Fruit
hop,Plant/Vegetable
horseradish,Plant/Vegetable
horseradish_cream,Sauce/Powder/Dressing
horseradish_mustard,Sauce/Powder/Dressing
horseradish_root,Plant/Vegetable
horseradish_sauce,Sauce/Powder/Dressing
hot_chicken_stock,Sauce/Powder/Dressing
hot_chili_oil,Essential Oil/Fat
hot_chili_paste,Sauce/Powder/Dressing
hot_chili_sauce,Sauce/Powder/Dressing
hot_chocolate_powder,Sauce/Powder/Dressing
hot_cocoa,Beverage
hot_cocoa_mix,Sauce/Powder/Dressing
hot_coffee,Beverage
hot_dog,Dish/End Product
hot_dog_bun,Bakery/Dessert/Snack
hot_dog_buns,Bakery/Dessert/Snack
hot_fudge,Sauce/Powder/Dressing
hot_fudge_topping,Sauce/Powder/Dressing
hot_italian_sausage,Meat/Animal Product
hot_mustard,Sauce/Powder/Dressing
hot_paprika,Plant/Vegetable
hot_pepper,Spice
hot_pepper_flakes,Spice
hot_pepper_jelly,Bakery/Dessert/Snack
hot_pepper_paste,Sauce/Powder/Dressing
hot_pepper_sauce,Sauce/Powder/Dressing
hot_red_pepper_flakes,Spice
hot_red_pepper_sauce,Sauce/Powder/Dressing
hot_sauce,Sauce/Powder/Dressing
hot_water,Beverage
huckleberry,Fruit
hummus,Dish/End Product
hungarian_paprika,Spice
i_can't_believe_it's_not_butter,ETC
ice,ETC
ice_cream,Bakery/Dessert/Snack
ice_cream_cones,Bakery/Dessert/Snack
ice_cream_sandwiches,Bakery/Dessert/Snack
ice_cream_topping,Sauce/Powder/Dressing
ice_cube,ETC
ice_cubes,ETC
ice_water,Beverage
iceberg_lettuce,Plant/Vegetable
iced_tea,Beverage
icing,Bakery/Dessert/Snack
icing_sugar,Sauce/Powder/Dressing
imitation_crab_sticks,Seafood
imitation_crabmeat,Seafood
instant_coffee,Beverage
instant_coffee_crystals,Sauce/Powder/Dressing
instant_coffee_granules,Sauce/Powder/Dressing
instant_coffee_powder,Sauce/Powder/Dressing
instant_espresso,Beverage
instant_espresso_powder,Sauce/Powder/Dressing
instant_flour,Cereal/Crop/Bean
instant_mashed_potatoes,Plant/Vegetable
instant_minced_onion,Plant/Vegetable
instant_oatmeal,Cereal/Crop/Bean
instant_polenta,Dish/End Product
instant_potato_flakes,Plant/Vegetable
instant_rice,Cereal/Crop/Bean
instant_vanilla_pudding,Bakery/Dessert/Snack
instant_yeast,Fungus
irish_cream,Sauce/Powder/Dressing
irish_whiskey,Beverage Alcoholic
italian_bread,Bakery/Dessert/Snack
italian_breadcrumbs,Bakery/Dessert/Snack
italian_cheese,Dairy
italian_cheese_blend,Dairy
italian_dressing,Sauce/Powder/Dressing
italian_herb_seasoning,Sauce/Powder/Dressing
italian_parsley,Plant/Vegetable
italian_salad_dressing,Sauce/Powder/Dressing
italian_salad_dressing_mix,Sauce/Powder/Dressing
italian_sausage,Meat/Animal Product
italian_sausages,Meat/Animal Product
italian_seasoning,Sauce/Powder/Dressing
italian_spices,Spice
jackfruit,Fruit
jagermeister,Beverage Alcoholic
jaggery,Sauce/Powder/Dressing
jalapeno,Spice
jalapeno_chile,Spice
jalapeno_chiles,Spice
jalapeno_jelly,Bakery/Dessert/Snack
jalapeno_juice,Beverage
jalapeno_pepper,Spice
jam,Sauce/Powder/Dressing
jar,ETC
jasmine_rice,Cereal/Crop/Bean
jasmine_tea,Beverage
jellied_cranberry_sauce,Sauce/Powder/Dressing
jelly,Bakery/Dessert/Snack
jelly_powder,Sauce/Powder/Dressing
jerk_sauce,Sauce/Powder/Dressing
jicama,Cereal/Crop/Bean
juice,Beverage
jumbo_shrimp,Seafood
kabocha_squash,Plant/Vegetable
kaffir_lime_leaves,Plant/Vegetable
kahlua,Beverage Alcoholic
kaiser_roll,Bakery/Dessert/Snack
kalamata_olives,Plant/Vegetable
kale,Plant/Vegetable
kale_leaves,Plant/Vegetable
kamaboko,Dish/End Product
kamut,Cereal/Crop/Bean
karo_syrup,Sauce/Powder/Dressing
kasuri_methi,Plant/Vegetable
katakuriko,Cereal/Crop/Bean
kefir,Beverage Alcoholic
kelp,Seafood
ketchup,Sauce/Powder/Dressing
ketjap_manis,Sauce/Powder/Dressing
key_lime,Fruit
key_lime_juice,Beverage
khoya,Dairy
kidney_bean,Cereal/Crop/Bean
kielbasa,Meat/Animal Product
king_oyster_mushrooms,Fungus
kirsch,Beverage Alcoholic
kirschwasser,Beverage Alcoholic
kitchen_bouquet,Sauce/Powder/Dressing
kitchen_twine,ETC
kiwi,Fruit
kiwi_fruit,Fruit
knockwurst,Meat/Animal Product
kohlrabi,Plant/Vegetable
kombu,Seafood
konbu,Seafood
konnyaku,Plant/Vegetable
kosher_salt,Sauce/Powder/Dressing
kudzu,Plant/Vegetable
kumara,Cereal/Crop/Bean
kumquat,Fruit
ladyfinger,Bakery/Dessert/Snack
lamb,Meat/Animal Product
lamb_bones,Meat/Animal Product
lamb_cutlets,Meat/Animal Product
lamb_racks,Meat/Animal Product
lamb_shank,Meat/Animal Product
lamb_shanks,Meat/Animal Product
lamb_shoulder,Meat/Animal Product
lamb_steaks,Meat/Animal Product
lamb_stock,Sauce/Powder/Dressing
lard,Essential Oil/Fat
lardons,Meat/Animal Product
lasagna_noodles,Cereal/Crop/Bean
lasagna_sheets,Cereal/Crop/Bean
lavash_bread,Bakery/Dessert/Snack
lavender,Plant/Vegetable
lavender_buds,Plant/Vegetable
lavender_flowers,Flower
leaf_lettuce,Plant/Vegetable
leafy_greens,Plant/Vegetable
lean_ground_beef,Meat/Animal Product
leek,Plant/Vegetable
leg_of_lamb,Meat/Animal Product
lemon,Fruit
lemon_balm,Plant/Vegetable
lemon_basil,Plant/Vegetable
lemon_butter,Dairy
lemon_cake_mix,Bakery/Dessert/Snack
lemon_curd,Dairy
lemon_extract,Fruit
lemon_flavoring,Sauce/Powder/Dressing
lemon_gelatin,Sauce/Powder/Dressing
lemon_juice,Beverage
lemon_leaves,Plant/Vegetable
lemon_oil,Essential Oil/Fat
lemon_peel,Fruit
lemon_pepper,Spice
lemon_pepper_seasoning,Sauce/Powder/Dressing
lemon_pie_filling,Bakery/Dessert/Snack
lemon_rind,Fruit
lemon_slices,Fruit
lemon_thyme,Plant/Vegetable
lemon_twist,Fruit
lemon_twists,Fruit
lemon_verbena,Plant/Vegetable
lemon_verbena_leaves,Plant/Vegetable
lemon_vinaigrette,Sauce/Powder/Dressing
lemon_wedge,Fruit
lemon_wedges,Fruit
lemon_yogurt,Dairy
lemon_zest,Fruit
lemonade,Beverage
lemonade_concentrate,Beverage
lemonade_mix,Beverage
lemongrass,Plant/Vegetable
lentil,Cereal/Crop/Bean
lettuce,Plant/Vegetable
lettuce_cups,Plant/Vegetable
lettuce_leaf,Plant/Vegetable
lettuce_leaves,Plant/Vegetable
licor_43,Beverage Alcoholic
licorice,Plant/Vegetable
light_brown_sugar,Sauce/Powder/Dressing
light_butter,Dairy
light_coconut_milk,Dairy
light_corn_syrup,Sauce/Powder/Dressing
light_cream,Sauce/Powder/Dressing
light_cream_cheese,Dairy
light_mayonnaise,Sauce/Powder/Dressing
light_olive_oil,Essential Oil/Fat
light_rum,Beverage Alcoholic
light_sour_cream,Sauce/Powder/Dressing
light_soy_sauce,Sauce/Powder/Dressing
light_soya_sauce,Sauce/Powder/Dressing
lime,Fruit
lime_cordial,Beverage Alcoholic
lime_juice,Beverage
lime_peel,Fruit
lime_rind,Fruit
lime_slice,Fruit
lime_slices,Fruit
lime_wedge,Fruit
lime_wedges,Fruit
lime_zest,Fruit
limeade,Beverage
limoncello,Beverage Alcoholic
lingonberry,Fruit
lingonberry_jam,Sauce/Powder/Dressing
lingonberry_preserves,Sauce/Powder/Dressing
linguine,Cereal/Crop/Bean
liqueur,Beverage Alcoholic
liquid,Beverage Alcoholic
liquid_glucose,ETC
liquid_honey,Sauce/Powder/Dressing
liquid_pectin,ETC
liquid_smoke,ETC
liquid_smoke_flavoring,ETC
liquid_sweetener,Sauce/Powder/Dressing
liquor,Beverage Alcoholic
live_lobsters,Seafood
liver,Meat/Animal Product
liverwurst,Meat/Animal Product
lo_mein_noodles,Cereal/Crop/Bean
lobster,Seafood
lobster_base,Sauce/Powder/Dressing
lobster_meat,Seafood
lobster_stock,Sauce/Powder/Dressing
lobster_tail,Seafood
lollipop,Bakery/Dessert/Snack
lollipop_sticks,ETC
long_beans,Cereal/Crop/Bean
long_grain_rice,Cereal/Crop/Bean
lotus_seeds,Nut/Seed
lovage,Plant/Vegetable
low_sodium_soy_sauce,Sauce/Powder/Dressing
lox,Seafood
lump_crabmeat,Seafood
lychee,Fruit
maca,Cereal/Crop/Bean
macadamia,Cereal/Crop/Bean
macadamia_nut_oil,Essential Oil/Fat
macaroni,Cereal/Crop/Bean
macaroni_noodles,Cereal/Crop/Bean
macaroon,Bakery/Dessert/Snack
mace,Nut/Seed
mache,Dish/End Product
mackerel,Seafood
mahi_mahi,Seafood
mahi_mahi_fillets,Seafood
maitake_mushrooms,Fungus
malanga,Plant/Vegetable
malt_extract,Essential Oil/Fat
malt_vinegar,Sauce/Powder/Dressing
malted_milk_balls,Bakery/Dessert/Snack
manchego_cheese,Dairy
mandarin_orange,Fruit
mandarin_orange_sections,Fruit
mandarin_orange_segments,Fruit
mango,Fruit
mango_chutney,Sauce/Powder/Dressing
mango_juice,Beverage
mango_nectar,Beverage
mango_powder,Sauce/Powder/Dressing
mango_pulp,Fruit
mango_puree,Sauce/Powder/Dressing
mango_salsa,Sauce/Powder/Dressing
mango_sorbet,Bakery/Dessert/Snack
manicotti,Dish/End Product
maple_extract,Sauce/Powder/Dressing
maple_flavoring,Sauce/Powder/Dressing
maple_sugar,Sauce/Powder/Dressing
maple_syrup,Sauce/Powder/Dressing
maraschino_cherry,Fruit
maraschino_cherry_juice,Beverage
margarine,Beverage Alcoholic
margarita_mix,Beverage Alcoholic
marinade,Meat/Animal Product
marinara_sauce,Sauce/Powder/Dressing
marinated_artichoke_hearts,Dish/End Product
marjoram,Plant/Vegetable
marjoram_leaves,Plant/Vegetable
marmalade,Fruit
marmite,Sauce/Powder/Dressing
marrow,Meat/Animal Product
mars_bars,Bakery/Dessert/Snack
marsala,Dish/End Product
marsala_wine,Beverage Alcoholic
marshmallow,Bakery/Dessert/Snack
marshmallow_cream,Bakery/Dessert/Snack
marshmallow_creme,Bakery/Dessert/Snack
marzipan,Bakery/Dessert/Snack
masa_harina,Sauce/Powder/Dressing
masala,Spice
mascarpone,Dairy
mascarpone_cheese,Dairy
mashed_banana,Fruit
mashed_bananas,Fruit
mashed_potatoes,Plant/Vegetable
mashed_sweet_potatoes,Plant/Vegetable
matzo,Bakery/Dessert/Snack
matzo_cake_meal,Bakery/Dessert/Snack
matzo_farfel,Bakery/Dessert/Snack
matzo_meal,Bakery/Dessert/Snack
matzoh,Bakery/Dessert/Snack
mayonnaise,Sauce/Powder/Dressing
meat,Meat/Animal Product
meat_stock,Sauce/Powder/Dressing
meat_tenderizer,ETC
meatball,Meat/Animal Product
meatloaf,Dish/End Product
melba_toast,Bakery/Dessert/Snack
melon,Fruit
melon_liqueur,Beverage Alcoholic
meringue,Sauce/Powder/Dressing
meringue_powder,Sauce/Powder/Dressing
merlot,Fruit
mesclun,Plant/Vegetable
methi_seeds,Nut/Seed
mexican_blend_cheese,Dairy
mexican_cheese,Dairy
mexican_crema,Sauce/Powder/Dressing
mexican_oregano,Dairy
mexican_seasoning,Sauce/Powder/Dressing
mexicorn,Cereal/Crop/Bean
mezcal,Beverage Alcoholic
microwave_popcorn,Bakery/Dessert/Snack
mild_cheddar_cheese,Dairy
milk,Dairy
milk_chocolate,Bakery/Dessert/Snack
milk_chocolate_chips,Bakery/Dessert/Snack
milk_chocolate_pieces,Bakery/Dessert/Snack
milky_way_bars,Bakery/Dessert/Snack
millet,Cereal/Crop/Bean
millet_flour,Cereal/Crop/Bean
minced_beef,Meat/Animal Product
minced_chicken,Meat/Animal Product
minced_clams,Seafood
minced_garlic_cloves,Sauce/Powder/Dressing
minced_ginger,Sauce/Powder/Dressing
minced_meat,Meat/Animal Product
mincemeat,Meat/Animal Product
mineral_water,Beverage
mini_chocolate_chips,Bakery/Dessert/Snack
mini_marshmallows,Bakery/Dessert/Snack
miniature_chocolate_chips,Bakery/Dessert/Snack
miniature_marshmallows,Bakery/Dessert/Snack
mint,Bakery/Dessert/Snack
mint_chocolate_chips,Bakery/Dessert/Snack
mint_extract,Sauce/Powder/Dressing
mint_jelly,Bakery/Dessert/Snack
mint_leaf,Plant/Vegetable
mint_leaves,Plant/Vegetable
mint_sauce,Sauce/Powder/Dressing
mint_sprig,Plant/Vegetable
mint_sprigs,Plant/Vegetable
minute_rice,Cereal/Crop/Bean
miracle_whip,Sauce/Powder/Dressing
mirepoix,Plant/Vegetable
mirin,Sauce/Powder/Dressing
mirlitons,Plant/Vegetable
miso,Sauce/Powder/Dressing
mitsuba,Plant/Vegetable
mixed_baby_greens,Plant/Vegetable
mixed_berries,Fruit
mixed_fruit,Fruit
mixed_greens,Plant/Vegetable
mixed_herbs,Plant/Vegetable
mixed_nuts,Nut/Seed
mixed_peel,Fruit
mixed_salad_greens,Plant/Vegetable
mixed_spice,Spice
mixed_vegetables,Plant/Vegetable
mizuna,Plant/Vegetable
mochi_rice,Cereal/Crop/Bean
molasses,Cereal/Crop/Bean
mole,Sauce/Powder/Dressing
monterey_jack_cheese,Dairy
morel,Fungus
mortadella,Meat/Animal Product
mozzarella_cheese,Dairy
msg,Sauce/Powder/Dressing
muenster_cheese,Dairy
muesli,Dish/End Product
muffin,Bakery/Dessert/Snack
mulberry,Fruit
mung_bean_sprouts,Plant/Vegetable
mushroom,Fungus
mushroom_broth,Dish/End Product
mushroom_cap,Fungus
mushroom_caps,Fungus
mushroom_gravy,Sauce/Powder/Dressing
mushroom_pieces,Fungus
mushroom_soup,Dish/End Product
mushroom_soy_sauce,Sauce/Powder/Dressing
mushroom_stems,Fungus
mushroom_stock,Sauce/Powder/Dressing
mussel,Seafood
mustard,Sauce/Powder/Dressing
mustard_greens,Plant/Vegetable
mustard_oil,Essential Oil/Fat
mustard_paste,Sauce/Powder/Dressing
mustard_powder,Sauce/Powder/Dressing
mutton,Meat/Animal Product
naan_bread,Bakery/Dessert/Snack
nacho_cheese,Dairy
nacho_chips,Bakery/Dessert/Snack
nam_pla,Sauce/Powder/Dressing
napa_cabbage,Plant/Vegetable
natural_yoghurt,Dairy
navel_orange,Fruit
nectarine,Fruit
neufchatel_cheese,Dairy
new_potatoes,Plant/Vegetable
nigella_seeds,Nut/Seed
nonfat_milk,Dairy
nonfat_yogurt,Dairy
nonpareil,Bakery/Dessert/Snack
nonstick_cooking_spray,ETC
noodle,Cereal/Crop/Bean
nopales,Plant/Vegetable
nori,Plant/Vegetable
nut,Nut/Seed
nut_butter,Sauce/Powder/Dressing
nutella,Sauce/Powder/Dressing
nutmeats,Nut/Seed
nutmeg,Nut/Seed
nutritional_yeast,Fungus
nutritional_yeast_flakes,Fungus
oat,Cereal/Crop/Bean
oat_bran,Cereal/Crop/Bean
oatmeal,Cereal/Crop/Bean
octopus,Seafood
of_fresh_mint,Bakery/Dessert/Snack
ogo,Plant/Vegetable
oil,Essential Oil/Fat
okara,Cereal/Crop/Bean
okonomiyaki_sauce,Sauce/Powder/Dressing
okra,Plant/Vegetable
old_bay_seasoning,Sauce/Powder/Dressing
old_fashioned_oats,Cereal/Crop/Bean
oleo,Essential Oil/Fat
olivada,Dish/End Product
olive,Plant/Vegetable
olive_juice,Beverage
olive_oil,Essential Oil/Fat
olive_salad,Plant/Vegetable
onion,Plant/Vegetable
onion_flakes,Sauce/Powder/Dressing
onion_juice,Beverage
onion_paste,Sauce/Powder/Dressing
onion_powder,Sauce/Powder/Dressing
onion_rings,Dish/End Product
onion_salt,Sauce/Powder/Dressing
onion_seeds,Nut/Seed
onion_soup,Dish/End Product
onion_soup_mix,Sauce/Powder/Dressing
onion_tops,Plant/Vegetable
orange,Fruit
orange_bell_pepper,Plant/Vegetable
orange_bell_peppers,Plant/Vegetable
orange_bitters,Sauce/Powder/Dressing
orange_blossom_water,Sauce/Powder/Dressing
orange_extract,Sauce/Powder/Dressing
orange_flavoring,Sauce/Powder/Dressing
orange_flower_water,Sauce/Powder/Dressing
orange_food_coloring,ETC
orange_gelatin,Sauce/Powder/Dressing
orange_juice,Beverage
orange_juice_concentrate,Beverage
orange_liqueur,Beverage Alcoholic
orange_marmalade,Sauce/Powder/Dressing
orange_oil,Essential Oil/Fat
orange_peel,Fruit
orange_rind,Bakery/Dessert/Snack
orange_roughy_fillets,Seafood
orange_sauce,Sauce/Powder/Dressing
orange_sections,Fruit
orange_slice,Fruit
orange_slices,Fruit
orange_soda,Beverage
orange_twist,Beverage Alcoholic
orange_wedge,Fruit
orange_wedges,Fruit
orange_zest,Fruit
orecchiette,Cereal/Crop/Bean
oregano,Spice
oregano_leaves,Plant/Vegetable
oregano_sprigs,Plant/Vegetable
oreo_cookies,Bakery/Dessert/Snack
orzo_pasta,Cereal/Crop/Bean
ouzo,Beverage Alcoholic
oxtail,Meat/Animal Product
oyster,Seafood
oyster_liquor,Beverage Alcoholic
oyster_mushroom,Fungus
oyster_sauce,Sauce/Powder/Dressing
pace_picante_sauce,Sauce/Powder/Dressing
pak_choi,Plant/Vegetable
pale_ale,Beverage Alcoholic
palm_sugar,Sauce/Powder/Dressing
pam_cooking_spray,ETC
pan_drippings,Dish/End Product
pan_juices,Dish/End Product
pancake,Bakery/Dessert/Snack
pancake_mix,Bakery/Dessert/Snack
pancake_syrup,Sauce/Powder/Dressing
pancetta,Meat/Animal Product
panch_phoron,Spice
pandan_leaves,Plant/Vegetable
panko_breadcrumbs,Bakery/Dessert/Snack
papaya,Fruit
pappadams,Bakery/Dessert/Snack
paprika,Plant/Vegetable
paraffin_wax,ETC
parchment_paper,ETC
parma_ham,Meat/Animal Product
parmesan_cheese,Dairy
parmesan_rind,Dairy
parmigiano,Dairy
parsley,Plant/Vegetable
parsley_flakes,Plant/Vegetable
parsley_root,Plant/Vegetable
parsley_roots,Plant/Vegetable
parsley_sprig,Plant/Vegetable
parsley_sprigs,Plant/Vegetable
parsley_stems,Plant/Vegetable
parsnip,Plant/Vegetable
pasilla_chiles,Plant/Vegetable
passata,Sauce/Powder/Dressing
passion_fruit,Fruit
passion_fruit_juice,Beverage
passion_fruit_pulp,Fruit
passion_fruit_puree,Sauce/Powder/Dressing
pasta,Cereal/Crop/Bean
pasta_dough,Cereal/Crop/Bean
pasta_noodles,Cereal/Crop/Bean
pasta_sauce,Sauce/Powder/Dressing
pasta_shells,Cereal/Crop/Bean
pastina,Cereal/Crop/Bean
pastis,Beverage Alcoholic
pastrami,Meat/Animal Product
pastry_cream,Sauce/Powder/Dressing
pastry_crust,Bakery/Dessert/Snack
pastry_dough,Cereal/Crop/Bean
pastry_flour,Cereal/Crop/Bean
pastry_shells,Cereal/Crop/Bean
pate,Dish/End Product
pawpaw,Plant/Vegetable
pea,Plant/Vegetable
pea_shoots,Plant/Vegetable
pea_tendrils,Plant/Vegetable
peach,Fruit
peach_brandy,Beverage Alcoholic
peach_jam,Sauce/Powder/Dressing
peach_juice,Beverage
peach_liqueur,Beverage Alcoholic
peach_nectar,Beverage
peach_pie_filling,Sauce/Powder/Dressing
peach_preserves,Fruit
peach_puree,Sauce/Powder/Dressing
peach_schnapps,Beverage Alcoholic
peach_slices,Fruit
peach_syrup,Sauce/Powder/Dressing
peanut,Nut/Seed
peanut_brittle,Nut/Seed
peanut_butter,Sauce/Powder/Dressing
peanut_butter_chips,Bakery/Dessert/Snack
peanut_butter_cups,Bakery/Dessert/Snack
peanut_butter_morsels,Bakery/Dessert/Snack
peanut_flour,Sauce/Powder/Dressing
peanut_oil,Essential Oil/Fat
peanut_sauce,Sauce/Powder/Dressing
pear,Fruit
pear_brandy,Beverage Alcoholic
pear_halves,Fruit
pear_nectar,Beverage
pearl_barley,Nut/Seed
peas_and_carrots,Plant/Vegetable
pecan,Nut/Seed
pecan_halves,Nut/Seed
pecan_meal,Nut/Seed
pecan_nuts,Nut/Seed
pecan_pieces,Nut/Seed
pecorino_cheese,Dairy
pecorino_romano_cheese,Dairy
pectin,ETC
pen,ETC
penne,Cereal/Crop/Bean
penne_pasta,Cereal/Crop/Bean
penne_rigate,Cereal/Crop/Bean
pepitas,Nut/Seed
pepper,Spice
pepper_jelly,Sauce/Powder/Dressing
pepper_rings,Bakery/Dessert/Snack
pepper_sauce,Sauce/Powder/Dressing
peppercorn,Spice
peppermint,Spice
peppermint_extract,Sauce/Powder/Dressing
peppermint_oil,Essential Oil/Fat
peppermint_schnapps,Beverage Alcoholic
pepperoncini_peppers,Plant/Vegetable
pepperoni,Meat/Animal Product
pepperoni_slices,Meat/Animal Product
pepsi,Beverage
perch,Seafood
perciatelli,Cereal/Crop/Bean
pernod,Beverage Alcoholic
persimmon,Fruit
persimmon_pulp,Fruit
pesto_sauce,Sauce/Powder/Dressing
pheasant,Meat/Animal Product
philadelphia_cream_cheese,Dairy
phyllo_dough,Cereal/Crop/Bean
phyllo_pastry,Cereal/Crop/Bean
picante_sauce,Sauce/Powder/Dressing
pickle,Plant/Vegetable
pickle_juice,Beverage
pickle_relish,Plant/Vegetable
pickled_beets,Plant/Vegetable
pickled_ginger,Plant/Vegetable
pickled_okra,Plant/Vegetable
pickled_onions,Plant/Vegetable
pickled_peppers,Plant/Vegetable
pickled_vegetables,Plant/Vegetable
pickling_lime,Fruit
pickling_salt,Sauce/Powder/Dressing
pickling_spices,Spice
pico_de_gallo,Dish/End Product
pie_crust,Cereal/Crop/Bean
pie_crust_mix,Cereal/Crop/Bean
pie_dough,Cereal/Crop/Bean
pie_filling,Sauce/Powder/Dressing
pie_pastry,Cereal/Crop/Bean
pie_plate,ETC
pie_shell,Cereal/Crop/Bean
pierogi,Dish/End Product
pierogies,Dish/End Product
pig,Meat/Animal Product
pigeon,Meat/Animal Product
pignoli_nuts,Nut/Seed
pignolis,Nut/Seed
pig's_feet,Meat/Animal Product
pike,Seafood
piloncillo,Sauce/Powder/Dressing
pimento,Plant/Vegetable
pimento_cheese,Dairy
pimiento,Plant/Vegetable
pimms,Beverage
pineapple,Fruit
pineapple_chunks,Fruit
pineapple_juice,Beverage
pineapple_preserves,Fruit
pineapple_ring,Fruit
pineapple_rings,Fruit
pineapple_slices,Fruit
pineapple_syrup,Sauce/Powder/Dressing
pineapple_tidbits,Fruit
pink_food_coloring,ETC
pink_peppercorns,Plant/Vegetable
piquillo_peppers,Spice
pisco,Beverage Alcoholic
pistachio,Nut/Seed
pistachio_ice_cream,Bakery/Dessert/Snack
pistachio_nut,Nut/Seed
pistachio_oil,Essential Oil/Fat
pistachio_paste,Sauce/Powder/Dressing
pita_bread,Bakery/Dessert/Snack
pita_bread_rounds,Bakery/Dessert/Snack
pita_breads,Bakery/Dessert/Snack
pita_chips,Bakery/Dessert/Snack
pitted_dates,Fruit
pitted_prunes,Fruit
pizza_cheese,Dairy
pizza_crust,Cereal/Crop/Bean
pizza_dough,Cereal/Crop/Bean
pizza_sauce,Sauce/Powder/Dressing
pizza_seasoning,Sauce/Powder/Dressing
pizza_toppings,Sauce/Powder/Dressing
plain_flour,Cereal/Crop/Bean
plain_yogurt,Dairy
plantain,Fruit
plantain_chips,Bakery/Dessert/Snack
plastic_wrap,ETC
plum,Fruit
plum_jam,Sauce/Powder/Dressing
plum_preserves,Fruit
plum_sauce,Sauce/Powder/Dressing
plum_tomato,Fruit
plum_tomatoes,Fruit
plum_wine,Beverage Alcoholic
pluots,Fruit
poblano_chile,Plant/Vegetable
poblano_chiles,Plant/Vegetable
poblano_pepper,Spice
poblano_peppers,Spice
polenta,Dish/End Product
polish_sausage,Meat/Animal Product
pollock,Meat/Animal Product
pomegranate,Fruit
pomegranate_arils,Fruit
pomegranate_juice,Beverage
pomegranate_molasses,Fruit
pomegranate_seeds,Nut/Seed
pomegranate_syrup,Sauce/Powder/Dressing
ponzu_sauce,Sauce/Powder/Dressing
popcorn,Bakery/Dessert/Snack
popped_corn,Bakery/Dessert/Snack
popped_popcorn,Bakery/Dessert/Snack
poppy_seed,Nut/Seed
poppy_seed_dressing,Sauce/Powder/Dressing
poppy_seed_filling,Sauce/Powder/Dressing
porcini_mushrooms,Fungus
pork,Meat/Animal Product
pork_and_beans,Dish/End Product
pork_belly,Meat/Animal Product
pork_bones,Meat/Animal Product
pork_broth,Meat/Animal Product
pork_butt,Meat/Animal Product
pork_chop,Meat/Animal Product
pork_chops,Meat/Animal Product
pork_cutlets,Meat/Animal Product
pork_fat,Meat/Animal Product
pork_fillets,Meat/Animal Product
pork_hocks,Meat/Animal Product
pork_liver,Meat/Animal Product
pork_loin,Meat/Animal Product
pork_mince,Meat/Animal Product
pork_ribs,Meat/Animal Product
pork_rinds,Meat/Animal Product
pork_roast,Meat/Animal Product
pork_sausage,Meat/Animal Product
pork_shoulder,Meat/Animal Product
pork_steak,Meat/Animal Product
pork_steaks,Meat/Animal Product
pork_stock,Meat/Animal Product
pork_tenderloin,Meat/Animal Product
porridge_oats,Cereal/Crop/Bean
port_wine,Beverage Alcoholic
portabella_mushroom,Fungus
portabella_mushrooms,Fungus
posole,Dish/End Product
pot_roast,Dish/End Product
potato,Plant/Vegetable
potato_bread,Bakery/Dessert/Snack
potato_flakes,Plant/Vegetable
potato_flour,Cereal/Crop/Bean
potato_salad,Dish/End Product
potato_starch,Plant/Vegetable
potato_water,Sauce/Powder/Dressing
poultry,Meat/Animal Product
poultry_seasoning,Sauce/Powder/Dressing
poundcake,Bakery/Dessert/Snack
powdered_ginger,Sauce/Powder/Dressing
powdered_milk,Sauce/Powder/Dressing
powdered_sugar,Sauce/Powder/Dressing
praline,Bakery/Dessert/Snack
praline_paste,Sauce/Powder/Dressing
prawn,Seafood
prepared_horseradish,Plant/Vegetable
prepared_mustard,Plant/Vegetable
prepared_stuffing,Sauce/Powder/Dressing
preserve,Fruit
preserved_lemon,Fruit
preserved_lemons,Fruit
pretzel,Bakery/Dessert/Snack
pretzel_crumbs,Bakery/Dessert/Snack
pretzel_rods,Bakery/Dessert/Snack
pretzel_sticks,Bakery/Dessert/Snack
processed_cheese,Dairy
processed_cheese_food,Dairy
prosciutto,Meat/Animal Product
prosciutto_ham,Meat/Animal Product
prosecco,Beverage Alcoholic
protein_powder,Sauce/Powder/Dressing
provolone_cheese,Dairy
prune,Fruit
prune_juice,Beverage
prune_puree,Fruit
psyllium,Plant/Vegetable
pudding,Bakery/Dessert/Snack
pudding_mix,Sauce/Powder/Dressing
puff_pastry,Bakery/Dessert/Snack
puff_pastry_sheet,ETC
puff_pastry_sheets,ETC
puff_pastry_shells,Cereal/Crop/Bean
puffed_wheat_cereal,Cereal/Crop/Bean
pumpernickel_bread,Bakery/Dessert/Snack
pumpkin,Plant/Vegetable
pumpkin_butter,Dairy
pumpkin_pie,Dish/End Product
pumpkin_pie_filling,Sauce/Powder/Dressing
pumpkin_pie_mix,Sauce/Powder/Dressing
pumpkin_pie_spice,Spice
pumpkin_puree,Plant/Vegetable
pumpkin_seed_oil,Essential Oil/Fat
pumpkin_spice,Spice
pure_maple_syrup,Sauce/Powder/Dressing
pure_olive_oil,Essential Oil/Fat
pure_vanilla_extract,Sauce/Powder/Dressing
puree,Fruit
purple_cabbage,Plant/Vegetable
purple_onion,Plant/Vegetable
purple_potatoes,Plant/Vegetable
purslane,Plant/Vegetable
quail,Meat/Animal Product
quail_eggs,Meat/Animal Product
quark,ETC
queso_blanco,Dairy
queso_fresco,Dairy
quick_oats,Nut/Seed
quince,Fruit
quince_paste,Sauce/Powder/Dressing
quinoa,Cereal/Crop/Bean
quinoa_flour,Cereal/Crop/Bean
rabbit,Meat/Animal Product
rack_of_lamb,Meat/Animal Product
racks_of_lamb,Meat/Animal Product
radiatore,Cereal/Crop/Bean
radicchio,Plant/Vegetable
radish,Plant/Vegetable
radish_sprouts,Plant/Vegetable
raisin,Fruit
raisin_bread,Bakery/Dessert/Snack
raita,Dish/End Product
ramen_noodles,Cereal/Crop/Bean
ramp,ETC
ranch_dressing,Sauce/Powder/Dressing
ranch_dressing_mix,Sauce/Powder/Dressing
rapeseed_oil,Essential Oil/Fat
rapini,Plant/Vegetable
raspberry,Fruit
raspberry_coulis,Sauce/Powder/Dressing
raspberry_extract,Sauce/Powder/Dressing
raspberry_jam,Sauce/Powder/Dressing
raspberry_jelly,Sauce/Powder/Dressing
raspberry_juice,Beverage
raspberry_liqueur,Beverage Alcoholic
raspberry_preserves,Fruit
raspberry_puree,Fruit
raspberry_sauce,Sauce/Powder/Dressing
raspberry_sherbet,Bakery/Dessert/Snack
raspberry_sorbet,Bakery/Dessert/Snack
raspberry_vinegar,Sauce/Powder/Dressing
raspberry_vodka,Beverage Alcoholic
ravioli,Dish/End Product
raw_cashews,Nut/Seed
raw_honey,Sauce/Powder/Dressing
raw_rice,Cereal/Crop/Bean
raw_shrimp,Seafood
raw_sugar,Cereal/Crop/Bean
real_maple_syrup,Sauce/Powder/Dressing
red_apple,Fruit
red_bean_paste,Sauce/Powder/Dressing
red_beans,Cereal/Crop/Bean
red_beets,Plant/Vegetable
red_bell_pepper,Plant/Vegetable
red_bell_peppers,Plant/Vegetable
red_cabbage,Plant/Vegetable
red_capsicum,Plant/Vegetable
red_chili_paste,Plant/Vegetable
red_chili_pepper,Plant/Vegetable
red_chili_peppers,Plant/Vegetable
red_chili_powder,Sauce/Powder/Dressing
red_chili_sauce,Sauce/Powder/Dressing
red_chilies,Plant/Vegetable
red_currant_jelly,Sauce/Powder/Dressing
red_curry_paste,Sauce/Powder/Dressing
red_enchilada_sauce,Sauce/Powder/Dressing
red_food_coloring,Sauce/Powder/Dressing
red_grapes,Fruit
red_kidney_beans,Cereal/Crop/Bean
red_leaf_lettuce,Plant/Vegetable
red_lentils,Cereal/Crop/Bean
red_miso,Sauce/Powder/Dressing
red_onion,Plant/Vegetable
red_pepper,Plant/Vegetable
red_pepper_flakes,Plant/Vegetable
red_pepper_jelly,Sauce/Powder/Dressing
red_pepper_paste,Sauce/Powder/Dressing
red_pepper_sauce,Sauce/Powder/Dressing
red_potatoes,Plant/Vegetable
red_snapper,Seafood
red_snapper_fillets,Seafood
red_wine,Beverage Alcoholic
red_wine_vinegar,Beverage Alcoholic
refined_flour,Cereal/Crop/Bean
refried_beans,Cereal/Crop/Bean
refried_black_beans,Cereal/Crop/Bean
relish,Plant/Vegetable
remoulade_sauce,Sauce/Powder/Dressing
rennet,ETC
reynolds_wrap_foil,ETC
rhubarb,Plant/Vegetable
rib,Meat/Animal Product
rib_eye,Meat/Animal Product
ribbon,ETC
rice,Cereal/Crop/Bean
rice_bran_oil,Essential Oil/Fat
rice_bubbles,Cereal/Crop/Bean
rice_chex,Bakery/Dessert/Snack
rice_crackers,Bakery/Dessert/Snack
rice_flour,Cereal/Crop/Bean
rice_krispies,Bakery/Dessert/Snack
rice_milk,Beverage
rice_noodles,Cereal/Crop/Bean
rice_paper,ETC
rice_paper_sheets,ETC
rice_powder,Sauce/Powder/Dressing
rice_sticks,Cereal/Crop/Bean
rice_syrup,Sauce/Powder/Dressing
rice_vermicelli,Cereal/Crop/Bean
rice_vinegar,Sauce/Powder/Dressing
rice_wine,Beverage Alcoholic
rice_wine_vinegar,Sauce/Powder/Dressing
ricotta_cheese,Dairy
ricotta_salata,Dairy
rigatoni_pasta,Cereal/Crop/Bean
risotto_rice,Cereal/Crop/Bean
ritz_crackers,Bakery/Dessert/Snack
roast,Meat/Animal Product
roast_beef,Meat/Animal Product
roast_pork,Meat/Animal Product
roasted_almonds,Nut/Seed
roasted_garlic,Plant/Vegetable
roasted_peanuts,Nut/Seed
roasted_peppers,Plant/Vegetable
roasted_red_pepper,Plant/Vegetable
roasted_red_peppers,Plant/Vegetable
roasted_sesame_seeds,Nut/Seed
rock_salt,Sauce/Powder/Dressing
rock_shrimp,Seafood
rocket,Plant/Vegetable
rockfish,Seafood
roll,Dish/End Product
rolled_oats,Nut/Seed
rolling_pin,ETC
rom,Beverage Alcoholic
roma_tomatoes,Fruit
romaine_leaves,Plant/Vegetable
romaine_lettuce,Plant/Vegetable
romaine_lettuce_leaves,Plant/Vegetable
romano_cheese,Dairy
romesco_sauce,Sauce/Powder/Dressing
root_beer,Beverage
root_beer_concentrate,Beverage
root_beer_extract,Beverage
roquefort_cheese,Dairy
rose,Flower
rose_petals,Flower
rose_syrup,Sauce/Powder/Dressing
rose_water,Essential Oil/Fat
rosemary,Flower
rosemary_sprig,Flower
rosemary_sprigs,Flower
rotel,Dish/End Product
rotini_pasta,Cereal/Crop/Bean
round_steak,Meat/Animal Product
roux,Dish/End Product
royal_icing,Sauce/Powder/Dressing
rubbed_sage,Plant/Vegetable
ruby_port,Beverage Alcoholic
rum,Beverage Alcoholic
rum_extract,Beverage Alcoholic
rum_flavoring,Beverage Alcoholic
rump_roast,Meat/Animal Product
russet_potatoes,Plant/Vegetable
rutabaga,Dairy
rye_berries,Fruit
rye_bread,Bakery/Dessert/Snack
rye_flour,Cereal/Crop/Bean
rye_whiskey,Beverage Alcoholic
saba,Seafood
safflower_oil,Essential Oil/Fat
saffron,Cereal/Crop/Bean
saffron_strands,Cereal/Crop/Bean
saffron_threads,Cereal/Crop/Bean
sage,Plant/Vegetable
sage_leaves,Plant/Vegetable
sage_sprigs,Plant/Vegetable
sago,Cereal/Crop/Bean
sake,Beverage Alcoholic
salad_dressing,Sauce/Powder/Dressing
salad_dressing_mix,Sauce/Powder/Dressing
salad_leaves,Plant/Vegetable
salad_oil,Essential Oil/Fat
salami,Meat/Animal Product
salmon,Seafood
salmon_caviar,Seafood
salmon_fillet,Seafood
salmon_fillets,Seafood
salmon_roe,Seafood
salmon_steak,Seafood
salmon_steaks,Seafood
salsa,Sauce/Powder/Dressing
salsa_con_queso,Sauce/Powder/Dressing
salsa_verde,Sauce/Powder/Dressing
salsify,Plant/Vegetable
salt,Sauce/Powder/Dressing
salt_and_black_pepper,Sauce/Powder/Dressing
salt_and_pepper,Sauce/Powder/Dressing
salt_pork,Meat/Animal Product
salt_substitute,Sauce/Powder/Dressing
salt_water,Beverage
salted_butter,Dairy
salted_peanuts,Nut/Seed
salted_salmon,Seafood
saltine,Bakery/Dessert/Snack
saltine_crackers,Dish/End Product
saltpeter,Sauce/Powder/Dressing
sambal_oelek,Sauce/Powder/Dressing
sandwich_bread,Bakery/Dessert/Snack
sandwich_buns,Bakery/Dessert/Snack
sansho,Spice
sansho_pepper,Spice
sardine,Seafood
satay_sauce,Sauce/Powder/Dressing
sauerkraut,Plant/Vegetable
sausage,Meat/Animal Product
sausage_links,Meat/Animal Product
sausage_meat,Meat/Animal Product
sausage_patties,Meat/Animal Product
savory,Spice
savoy_cabbage,Plant/Vegetable
scallion,Plant/Vegetable
scallion_tops,Plant/Vegetable
scallop,Seafood
scampi,Seafood
schmaltz,Essential Oil/Fat
scone,Bakery/Dessert/Snack
scotch,Beverage Alcoholic
scotch_bonnet_pepper,Beverage Alcoholic
scotch_whisky,Beverage Alcoholic
sea_bass,Seafood
sea_bass_fillets,Seafood
sea_salt,Sauce/Powder/Dressing
seafood,Seafood
seafood_sauce,Sauce/Powder/Dressing
seafood_seasoning,Sauce/Powder/Dressing
seafood_stock,Seafood
season_salt,Sauce/Powder/Dressing
seasoned_bread_crumbs,Bakery/Dessert/Snack
seasoned_croutons,Bakery/Dessert/Snack
seasoned_flour,Sauce/Powder/Dressing
seasoned_pepper,Spice
seasoned_rice_vinegar,Sauce/Powder/Dressing
seasoning,Sauce/Powder/Dressing
seasoning_salt,Sauce/Powder/Dressing
seed,Nut/Seed
seitan,Plant/Vegetable
self_raising_flour,Cereal/Crop/Bean
self_rising_flour,Cereal/Crop/Bean
seltzer_water,Beverage
semisweet_chocolate,Bakery/Dessert/Snack
semisweet_chocolate_pieces,Bakery/Dessert/Snack
semolina,Plant/Vegetable
semolina_flour,Cereal/Crop/Bean
serrano_chili,Sauce/Powder/Dressing
serrano_chilies,Sauce/Powder/Dressing
serrano_ham,Meat/Animal Product
serrano_peppers,Spice
serranos,Sauce/Powder/Dressing
sesame,Nut/Seed
sesame_oil,Essential Oil/Fat
sesame_paste,Sauce/Powder/Dressing
sesame_salt,Sauce/Powder/Dressing
sesame_seed_oil,Essential Oil/Fat
sesame_sticks,Dish/End Product
sev,Plant/Vegetable
shad,Seafood
shallot,Plant/Vegetable
shaoxing_wine,Beverage Alcoholic
sharp_cheddar_cheese,Dairy
shell_macaroni,Dairy
shell_pasta,Cereal/Crop/Bean
sherbet,Dairy
sherry_vinaigrette,Sauce/Powder/Dressing
sherry_wine,Beverage Alcoholic
sherry_wine_vinegar,Sauce/Powder/Dressing
shichimi_togarashi,Sauce/Powder/Dressing
shiitake_mushroom,Fungus
shimeji_mushrooms,Fungus
shirataki_noodles,Cereal/Crop/Bean
shiso,Plant/Vegetable
shiso_leaves,Plant/Vegetable
shoestring_potatoes,Plant/Vegetable
shortbread,Bakery/Dessert/Snack
shortbread_cookie,Bakery/Dessert/Snack
shortcrust_pastry,Bakery/Dessert/Snack
shortening,Dairy
shoyu,Sauce/Powder/Dressing
shredded_cheddar_cheese,Dairy
shredded_coconut,Plant/Vegetable
shrimp,Seafood
shrimp_paste,Sauce/Powder/Dressing
shrimp_sauce,Sauce/Powder/Dressing
shrimp_shells,Seafood
shrimp_stock,Seafood
sifted_flour,Cereal/Crop/Bean
silken_tofu,Cereal/Crop/Bean
silver_beet,Meat/Animal Product
simple_syrup,Sauce/Powder/Dressing
simply_potatoes,Plant/Vegetable
simply_potatoes_diced_potatoes_with_onion,Plant/Vegetable
simply_potatoes_shredded_hash_browns,Dish/End Product
simply_potatoes_traditional_mashed_potatoes,Plant/Vegetable
single_cream,Dairy
sirloin,Meat/Animal Product
sirloin_steak,Meat/Animal Product
skate,Seafood
skewer,ETC
skim_milk,Dairy
skim_milk_powder,Sauce/Powder/Dressing
skirt_steaks,Meat/Animal Product
sliced_almonds,Nut/Seed
sliced_mushrooms,Fungus
sliced_water_chestnuts,Nut/Seed
slivered_almonds,Nut/Seed
smelt,Seafood
smoked_almonds,Nut/Seed
smoked_bacon,Meat/Animal Product
smoked_chicken,Meat/Animal Product
smoked_haddock,Meat/Animal Product
smoked_ham,Meat/Animal Product
smoked_paprika,Plant/Vegetable
smoked_salmon,Seafood
smoked_sausage,Meat/Animal Product
smoked_trout,Seafood
smoked_turkey,Meat/Animal Product
smokies,Meat/Animal Product
snail,Seafood
snow,ETC
snow_pea_pods,Cereal/Crop/Bean
snow_pea_sprouts,Plant/Vegetable
soba_noodles,Cereal/Crop/Bean
soda_water,Beverage
soft_brown_sugar,Spice
soft_cheese,Dairy
sole,Seafood
sole_fillets,Seafood
solid_shortening,Meat/Animal Product
somen_noodles,Cereal/Crop/Bean
soppressata,Meat/Animal Product
sopressata,Meat/Animal Product
sorbet,Dairy
sorghum,Cereal/Crop/Bean
sorghum_flour,Cereal/Crop/Bean
sorrel,Plant/Vegetable
soup,Dish/End Product
soup_bone,Meat/Animal Product
soup_mix,Sauce/Powder/Dressing
soup_stock,Sauce/Powder/Dressing
sour_cream,Dairy
sour_milk,Dairy
sour_mix,Sauce/Powder/Dressing
sour_orange_juice,Beverage
sourdough_bread,Bakery/Dessert/Snack
sourdough_starter,Cereal/Crop/Bean
southern_comfort,Beverage Alcoholic
soy_cheese,Dairy
soy_chorizo,Meat/Animal Product
soy_crumbles,Cereal/Crop/Bean
soy_flour,Cereal/Crop/Bean
soy_margarine,Cereal/Crop/Bean
soy_sauce,Sauce/Powder/Dressing
soy_yogurt,Dairy
soya_milk,Dairy
soya_sauce,Sauce/Powder/Dressing
soybean,Cereal/Crop/Bean
soybean_paste,Sauce/Powder/Dressing
soymilk,Cereal/Crop/Bean
spaghetti,Cereal/Crop/Bean
spaghetti_noodles,Cereal/Crop/Bean
spaghetti_sauce,Sauce/Powder/Dressing
spaghetti_sauce_mix,Sauce/Powder/Dressing
spaghetti_squash,Plant/Vegetable
spaghettini,Cereal/Crop/Bean
spam,Meat/Animal Product
spanish_olives,Plant/Vegetable
spanish_onion,Plant/Vegetable
spanish_onions,Plant/Vegetable
spanish_peanuts,Nut/Seed
spanish_rice,Cereal/Crop/Bean
sparerib,Meat/Animal Product
sparkling_apple_cider,Beverage
sparkling_water,Beverage
sparkling_wine,Beverage Alcoholic
spearmint,Sauce/Powder/Dressing
special_k_cereal,Cereal/Crop/Bean
speck,Meat/Animal Product
spelt,Cereal/Crop/Bean
spelt_flour,Cereal/Crop/Bean
spice,Spice
spice_cake_mix,Bakery/Dessert/Snack
spiced_rum,Beverage Alcoholic
spicy_brown_mustard,Sauce/Powder/Dressing
spicy_mustard,Sauce/Powder/Dressing
spinach,Plant/Vegetable
spinach_leaves,Plant/Vegetable
spinach_souffle,Bakery/Dessert/Snack
spirulina,Plant/Vegetable
split_peas,Plant/Vegetable
sponge_cake,Bakery/Dessert/Snack
spray_bottle,ETC
spring_cabbage,Plant/Vegetable
spring_greens,Plant/Vegetable
spring_onion,Plant/Vegetable
spring_roll_wrappers,ETC
sprite,Beverage
squab,Meat/Animal Product
squash,Plant/Vegetable
squash_blossoms,Plant/Vegetable
squash_puree,Plant/Vegetable
squid,Seafood
squid_ink,Sauce/Powder/Dressing
squirrel,Meat/Animal Product
sriracha_sauce,Sauce/Powder/Dressing
stale_bread,Bakery/Dessert/Snack
star_anise,Plant/Vegetable
star_anise_pods,Plant/Vegetable
star_fruit,Fruit
starch,Cereal/Crop/Bean
steak,Meat/Animal Product
steak_sauce,Sauce/Powder/Dressing
steak_seasoning,Sauce/Powder/Dressing
steak_spice,Spice
steamed_rice,Cereal/Crop/Bean
steel_cut_oats,Cereal/Crop/Bean
stevia,Spice
stevia_powder,Sauce/Powder/Dressing
stew_meat,Meat/Animal Product
stewed_tomatoes,Plant/Vegetable
stewing_beef,Meat/Animal Product
stick,ETC
stilton_cheese,Dairy
stock,Dish/End Product
stout_beer,Beverage Alcoholic
strawberry,Plant/Vegetable
strawberry_extract,Plant/Vegetable
strawberry_gelatin,Sauce/Powder/Dressing
strawberry_glaze,Sauce/Powder/Dressing
strawberry_jam,Sauce/Powder/Dressing
strawberry_jelly,Bakery/Dessert/Snack
strawberry_juice,Beverage
strawberry_liqueur,Beverage Alcoholic
strawberry_preserves,Sauce/Powder/Dressing
strawberry_puree,Plant/Vegetable
strawberry_sauce,Sauce/Powder/Dressing
strawberry_slices,Plant/Vegetable
strawberry_syrup,Sauce/Powder/Dressing
streaky_bacon,Meat/Animal Product
string,ETC
strong_coffee,Beverage
stuffing_cubes,Bakery/Dessert/Snack
sucanat,Sauce/Powder/Dressing
suet,Meat/Animal Product
sugar,Sauce/Powder/Dressing
sugar_cane,Plant/Vegetable
sugar_cookie_mix,Bakery/Dessert/Snack
sugar_crystals,Bakery/Dessert/Snack
sugar_cube,Sauce/Powder/Dressing
sugar_cubes,Sauce/Powder/Dressing
sugar_pumpkin,Bakery/Dessert/Snack
sugar_substitute,Sauce/Powder/Dressing
sugar_syrup,Sauce/Powder/Dressing
sugar_twin,Sauce/Powder/Dressing
sultana,Fruit
sumac,Plant/Vegetable
summer_sausage,Meat/Animal Product
summer_savory,Plant/Vegetable
summer_squash,Fruit
sunflower_oil,Essential Oil/Fat
sunflower_seed_butter,Dairy
superfine_sugar,Spice
sushi_rice,Cereal/Crop/Bean
swede,Plant/Vegetable
sweet_and_sour_sauce,Sauce/Powder/Dressing
sweet_basil,Plant/Vegetable
sweet_bean_paste,Sauce/Powder/Dressing
sweet_butter,Dairy
sweet_chili_sauce,Sauce/Powder/Dressing
sweet_corn,Cereal/Crop/Bean
sweet_cream,Dairy
sweet_onion,Plant/Vegetable
sweet_onions,Plant/Vegetable
sweet_paprika,Plant/Vegetable
sweet_pepper,Plant/Vegetable
sweet_pickle_relish,Plant/Vegetable
sweet_potato,Plant/Vegetable
sweet_potato_puree,Plant/Vegetable
sweet_potatoes,Plant/Vegetable
sweet_red_pepper,Plant/Vegetable
sweet_red_peppers,Plant/Vegetable
sweet_relish,Plant/Vegetable
sweet_rice,Cereal/Crop/Bean
sweet_rice_flour,Cereal/Crop/Bean
sweet_sherry,Beverage Alcoholic
sweet_soy_sauce,Sauce/Powder/Dressing
sweet_vermouth,Beverage Alcoholic
sweetbread,Bakery/Dessert/Snack
sweetcorn,Cereal/Crop/Bean
sweetened_coconut,Fruit
sweetened_condensed_milk,Beverage
sweetened_flaked_coconut,Fruit
sweetened_lime_juice,Beverage
sweetened_whipped_cream,Dairy
swiss_chard,Plant/Vegetable
swiss_cheese,Dairy
swordfish,Seafood
swordfish_steaks,Seafood
syrup,Sauce/Powder/Dressing
tabasco_sauce,Sauce/Powder/Dressing
table_cream,Dairy
table_salt,Sauce/Powder/Dressing
taco_chips,Bakery/Dessert/Snack
taco_sauce,Sauce/Powder/Dressing
taco_seasoning,Sauce/Powder/Dressing
taco_seasoning_mix,Sauce/Powder/Dressing
taco_shell,Bakery/Dessert/Snack
taco_shells,Bakery/Dessert/Snack
tahini,Sauce/Powder/Dressing
tahini_paste,Sauce/Powder/Dressing
tahini_sauce,Sauce/Powder/Dressing
tamale,Cereal/Crop/Bean
tamari,Sauce/Powder/Dressing
tamari_soy_sauce,Sauce/Powder/Dressing
tamarind_chutney,Sauce/Powder/Dressing
tamarind_juice,Beverage
tamarind_paste,Sauce/Powder/Dressing
tamarind_pulp,Sauce/Powder/Dressing
tandoori_masala,Sauce/Powder/Dressing
tandoori_paste,Sauce/Powder/Dressing
tangelo,Plant/Vegetable
tangerine,Plant/Vegetable
tangerine_juice,Beverage
tangerine_peel,Plant/Vegetable
tangerine_zest,Plant/Vegetable
tap_water,Beverage
tape,ETC
tapenade,Dish/End Product
tapioca,Plant/Vegetable
tapioca_flour,Cereal/Crop/Bean
tapioca_starch,Plant/Vegetable
tarama,Seafood
taro_root,Plant/Vegetable
tarragon,Plant/Vegetable
tarragon_leaves,Plant/Vegetable
tarragon_vinegar,Sauce/Powder/Dressing
tart_crust,Bakery/Dessert/Snack
tart_shells,Bakery/Dessert/Snack
tartar_sauce,Sauce/Powder/Dressing
tasso,Sauce/Powder/Dressing
tasty_cheese,Dairy
tater_tots,Plant/Vegetable
tatsoi,Plant/Vegetable
tea,Beverage
tea_bag,ETC
teff,Plant/Vegetable
tempeh,Plant/Vegetable
tempura_batter,Bakery/Dessert/Snack
tempura_flour,Cereal/Crop/Bean
tenderloin,Meat/Animal Product
tequila,Beverage Alcoholic
teriyaki_marinade,Sauce/Powder/Dressing
teriyaki_sauce,Sauce/Powder/Dressing
textured_vegetable_protein,Plant/Vegetable
thai_basil,Plant/Vegetable
thai_chiles,Plant/Vegetable
thai_fish_sauce,Sauce/Powder/Dressing
thai_red_curry_paste,Sauce/Powder/Dressing
thickened_cream,Dairy
thousand_island_dressing,Sauce/Powder/Dressing
thyme,Plant/Vegetable
thyme_leaves,Plant/Vegetable
tia_maria,Beverage Alcoholic
tilapia_fillets,Seafood
toast,Bakery/Dessert/Snack
toast_points,Bakery/Dessert/Snack
toasted_almonds,Nut/Seed
toasted_hazelnuts,Nut/Seed
toasted_sesame_oil,Essential Oil/Fat
toasted_sesame_seeds,Nut/Seed
toasted_sliced_almonds,Nut/Seed
tobiko,Seafood
toffee_pieces,Bakery/Dessert/Snack
tofu,Dish/End Product
tomatillo,Plant/Vegetable
tomatillo_salsa,Sauce/Powder/Dressing
tomato,Plant/Vegetable
tomato_chutney,Sauce/Powder/Dressing
tomato_jam,Sauce/Powder/Dressing
tomato_juice,Beverage
tomato_ketchup,Sauce/Powder/Dressing
tomato_paste,Sauce/Powder/Dressing
tomato_puree,Plant/Vegetable
tomato_sauce,Sauce/Powder/Dressing
tomato_soup,Dish/End Product
tomatoes_and_green_chilies,Plant/Vegetable
tomatoes_with_juice,Beverage
tonic_water,Beverage
toor_dal,Cereal/Crop/Bean
toothpick,ETC
tortellini,Cereal/Crop/Bean
tortilla,Cereal/Crop/Bean
tostada,Cereal/Crop/Bean
trail_mix,Dish/End Product
treacle,Sauce/Powder/Dressing
tripe,Meat/Animal Product
triple_sec,Meat/Animal Product
trout,Seafood
trout_fillets,Seafood
truffle,Fungus
truffle_butter,Dairy
truffle_oil,Essential Oil/Fat
truffle_salt,Sauce/Powder/Dressing
truvia,Sauce/Powder/Dressing
tuna,Seafood
tuna_fillets,Seafood
tuna_fish,Seafood
tuna_steak,Seafood
tuna_steaks,Seafood
turbinado_sugar,Spice
turbot,Seafood
turkey,Meat/Animal Product
turkey_bacon,Meat/Animal Product
turkey_breast,Meat/Animal Product
turkey_broth,Meat/Animal Product
turkey_carcass,Meat/Animal Product
turkey_cutlets,Meat/Animal Product
turkey_drippings,Meat/Animal Product
turkey_gravy,Meat/Animal Product
turkey_ham,Meat/Animal Product
turkey_kielbasa,Meat/Animal Product
turkey_meat,Meat/Animal Product
turkey_neck,Meat/Animal Product
turkey_pepperoni,Meat/Animal Product
turkey_sausage,Meat/Animal Product
turkey_stock,Meat/Animal Product
turkey_thighs,Meat/Animal Product
turmeric,Plant/Vegetable
turmeric_powder,Sauce/Powder/Dressing
turnip,Plant/Vegetable
turnip_greens,Plant/Vegetable
tzatziki,Sauce/Powder/Dressing
udon_noodles,Cereal/Crop/Bean
umeboshi,Plant/Vegetable
unbaked_pie_shell,Bakery/Dessert/Snack
unbleached_flour,Cereal/Crop/Bean
unbleached_white_flour,Cereal/Crop/Bean
uncooked_rice,Cereal/Crop/Bean
unflavored_gelatin,Sauce/Powder/Dressing
unsalted_butter,Dairy
unsweetened_applesauce,Sauce/Powder/Dressing
unsweetened_baking_chocolate,Bakery/Dessert/Snack
unsweetened_chocolate,Bakery/Dessert/Snack
unsweetened_cocoa,Beverage
unsweetened_cocoa_powder,Sauce/Powder/Dressing
unsweetened_coconut,Plant/Vegetable
unsweetened_coconut_milk,Beverage
vanilla,Plant/Vegetable
vanilla_baking_chips,Bakery/Dessert/Snack
vanilla_bean,Cereal/Crop/Bean
vanilla_bean_paste,Sauce/Powder/Dressing
vanilla_chips,Bakery/Dessert/Snack
vanilla_essence,Plant/Vegetable
vanilla_extract,Plant/Vegetable
vanilla_flavoring,Sauce/Powder/Dressing
vanilla_frosting,Dairy
vanilla_frozen_yogurt,Dairy
vanilla_ice_cream,Dairy
vanilla_oil,Essential Oil/Fat
vanilla_pod,Cereal/Crop/Bean
vanilla_powder,Sauce/Powder/Dressing
vanilla_pudding_mix,Dairy
vanilla_sugar,Spice
vanilla_vodka,Beverage Alcoholic
vanilla_wafer_cookies,Bakery/Dessert/Snack
vanilla_wafer_crumbs,Bakery/Dessert/Snack
vanilla_wafers,Bakery/Dessert/Snack
vanilla_yogurt,Dairy
veal,Meat/Animal Product
veal_bones,ETC
veal_chops,Meat/Animal Product
veal_cutlets,Meat/Animal Product
veal_medallions,ETC
veal_reduction,ETC
veal_scallops,Meat/Animal Product
veal_shanks,Meat/Animal Product
veal_stock,Meat/Animal Product
vegan_butter,Dairy
vegan_cheese,Dairy
vegan_cream_cheese,Dairy
vegan_margarine,Sauce/Powder/Dressing
vegan_mayonnaise,Sauce/Powder/Dressing
vegemite,Sauce/Powder/Dressing
vegetable,Plant/Vegetable
vegetable_bouillon,Plant/Vegetable
vegetable_broth,Plant/Vegetable
vegetable_juice,Beverage
vegetable_juice_cocktail,Beverage Alcoholic
vegetable_oil,Essential Oil/Fat
vegetable_oil_cooking_spray,Essential Oil/Fat
vegetable_seasoning,Sauce/Powder/Dressing
vegetable_shortening,Sauce/Powder/Dressing
vegetable_soup,Dish/End Product
vegetable_stock,Plant/Vegetable
veggie_burgers,Dish/End Product
veggie_crumbles,Dish/End Product
velveeta_cheese,Dairy
venison,Meat/Animal Product
venison_roast,Meat/Animal Product
verjus,Beverage
vermicelli,Cereal/Crop/Bean
vermouth,Beverage Alcoholic
vin_santo,Beverage Alcoholic
vinaigrette,Sauce/Powder/Dressing
vinaigrette_dressing,Sauce/Powder/Dressing
vinegar,Sauce/Powder/Dressing
violet,ETC
virgin_olive_oil,Essential Oil/Fat
vital_wheat_gluten,ETC
vitamin,ETC
vodka,Beverage Alcoholic
wafer,Bakery/Dessert/Snack
waffle,Bakery/Dessert/Snack
waffle_mix,Bakery/Dessert/Snack
wakame_seaweed,Seafood
walleye,Seafood
walnut,Nut/Seed
walnut_halves,Nut/Seed
walnut_oil,Essential Oil/Fat
walnut_pieces,Nut/Seed
warm_water,Beverage
wasabi_paste,Sauce/Powder/Dressing
wasabi_peas,Cereal/Crop/Bean
wasabi_powder,Sauce/Powder/Dressing
washing_soda,ETC
water,Beverage
water_chestnut,Nut/Seed
water_crackers,Nut/Seed
watercress,Plant/Vegetable
watercress_leaves,Plant/Vegetable
watermelon,Fruit
watermelon_balls,Fruit
watermelon_juice,Beverage
watermelon_rind,Fruit
watermelon_wedges,Fruit
wax_paper,ETC
wheat,Cereal/Crop/Bean
wheat_bran,Cereal/Crop/Bean
wheat_flour,Cereal/Crop/Bean
wheat_germ,Cereal/Crop/Bean
wheat_gluten,Cereal/Crop/Bean
wheat_starch,Cereal/Crop/Bean
wheatberries,Fruit
whey,Dairy
whey_protein,Dairy
whipped_cream,Dairy
whipped_cream_cheese,Dairy
whipped_topping,Dairy
whipping_cream,Dairy
whiskey,Beverage Alcoholic
white_almond_bark,Nut/Seed
white_asparagus,Plant/Vegetable
white_baking_bar,Bakery/Dessert/Snack
white_balsamic_vinegar,Sauce/Powder/Dressing
white_bread,Bakery/Dessert/Snack
white_cake_mix,Bakery/Dessert/Snack
white_candy_coating,Bakery/Dessert/Snack
white_cheddar_cheese,Dairy
white_cheese,Dairy
white_chocolate,Bakery/Dessert/Snack
white_chocolate_chips,Bakery/Dessert/Snack
white_chocolate_chunks,Bakery/Dessert/Snack
white_corn,Cereal/Crop/Bean
white_corn_syrup,Sauce/Powder/Dressing
white_cranberry_juice,Beverage
white_flour,Cereal/Crop/Bean
white_frosting,Spice
white_grape_juice,Beverage
white_kidney_beans,Cereal/Crop/Bean
white_miso,Cereal/Crop/Bean
white_mushrooms,Fungus
white_onion,Plant/Vegetable
white_onions,Plant/Vegetable
white_pepper,Spice
white_pepper_powder,Sauce/Powder/Dressing
white_peppercorns,Spice
white_potatoes,Plant/Vegetable
white_rice,Cereal/Crop/Bean
white_rum,Beverage Alcoholic
white_sauce,Sauce/Powder/Dressing
white_sesame_seeds,Nut/Seed
white_sugar,Spice
white_truffle_oil,Essential Oil/Fat
white_vinegar,Sauce/Powder/Dressing
white_whole_wheat_flour,Cereal/Crop/Bean
white_wine,Beverage Alcoholic
white_wine_vinegar,Sauce/Powder/Dressing
whole_allspice,Sauce/Powder/Dressing
whole_almonds,Nut/Seed
whole_black_peppercorns,Spice
whole_chicken,Meat/Animal Product
whole_cloves,Sauce/Powder/Dressing
whole_cumin_seeds,Nut/Seed
whole_grain_mustard,Sauce/Powder/Dressing
whole_kernel_corn,Cereal/Crop/Bean
whole_milk,Dairy
whole_pecans,Plant/Vegetable
whole_tomatoes,Plant/Vegetable
whole_turkey,Meat/Animal Product
whole_wheat_bread,Bakery/Dessert/Snack
whole_wheat_flour,Cereal/Crop/Bean
whole_wheat_pastry_flour,Cereal/Crop/Bean
wide_egg_noodles,Cereal/Crop/Bean
wild_mushrooms,Fungus
wild_rice,Cereal/Crop/Bean
wine,Beverage Alcoholic
wine_vinegar,Sauce/Powder/Dressing
winter_squash,Fruit
wok_oil,Essential Oil/Fat
wonton,Dish/End Product
wonton_skins,Dish/End Product
wonton_wrapper,Cereal/Crop/Bean
wonton_wrappers,Cereal/Crop/Bean
wood_chips,Bakery/Dessert/Snack
wood_ear_mushrooms,Fungus
wooden_skewers,ETC
wooden_sticks,ETC
worcestershire_sauce,Sauce/Powder/Dressing
wrap,ETC
xanthan_gum,Sauce/Powder/Dressing
yakisoba_noodles,Cereal/Crop/Bean
yam,Plant/Vegetable
yamaimo,Plant/Vegetable
yeast,Fungus
yeast_extract,Fungus
yellow_bell_pepper,Spice
yellow_bell_peppers,Spice
yellow_cake_mix,Bakery/Dessert/Snack
yellow_cornmeal,Cereal/Crop/Bean
yellow_food_coloring,ETC
yellow_lentils,Cereal/Crop/Bean
yellow_mustard,Sauce/Powder/Dressing
yellow_mustard_seeds,Nut/Seed
yellow_onion,Plant/Vegetable
yellow_onions,Plant/Vegetable
yellow_pepper,Spice
yellow_peppers,Spice
yellow_rice,Cereal/Crop/Bean
yellow_split_peas,Cereal/Crop/Bean
yellow_tomatoes,Plant/Vegetable
yoghurt,Dairy
yogurt,Dairy
yogurt_cheese,Dairy
yucca_root,Plant/Vegetable
yuzu,Plant/Vegetable
yuzu_juice,Beverage
zinfandel,Plant/Vegetable
ziti_pasta,Cereal/Crop/Bean
zucchini,Plant/Vegetable
